Module ID,Trace File,Object File, Library File
MOD_BCM,bcm\bcm_trc.h,bcm_btcmapp.obj,bcm.lib
MOD_BCM,bcm\bcm_trc.h,bcm_btcmcmd.obj,bcm.lib
MOD_BCM,bcm\bcm_trc.h,bcm_btcmsrvinterface.obj,bcm.lib
MOD_BCM,bcm\bcm_trc.h,bcm_btcmsrvmain.obj,bcm.lib
MOD_BCM,bcm\bcm_trc.h,bcm_btcmsrvprmt.obj,bcm.lib
MOD_BCM,bcm\bcm_trc.h,bcm_btcmutility.obj,bcm.lib
MOD_BCM,bcm\bcm_trc.h,bcm_event_handler.obj,bcm.lib
MOD_BCM,bcm\bcm_trc.h,bcm_fmptapp.obj,bcm.lib
MOD_BCM,bcm\bcm_trc.h,bcm_fmptsrv.obj,bcm.lib
MOD_BCM,bcm\bcm_trc.h,bcm_gattcsrv.obj,bcm.lib
MOD_BCM,bcm\bcm_trc.h,bcm_gattservicesfactorysrv.obj,bcm.lib
MOD_BCM,bcm\bcm_trc.h,bcm_gattssrv.obj,bcm.lib
MOD_BCM,bcm\bcm_trc.h,bcm_init.obj,bcm.lib
MOD_BCM,bcm\bcm_trc.h,bcm_main.obj,bcm.lib
MOD_BCM,bcm\bcm_trc.h,bcm_prxrapp.obj,bcm.lib
MOD_BCM,bcm\bcm_trc.h,bcm_prxrsrv.obj,bcm.lib
MOD_BCM,bcm\bcm_trc.h,bcm_spp_app.obj,bcm.lib
MOD_BCM,bcm\bcm_trc.h,bcmadp.obj,bcm.lib
MOD_BCM,bcm\bcm_trc.h,bcmsppsrv.obj,bcm.lib
MOD_BCM,bcm\bcm_trc.h,bcmspputility.obj,bcm.lib
MOD_BCM,bcm\bcm_trc.h,comm_post_event.obj,bcm.lib
MOD_BT,blueangel\btcore\btadp\inc\bluetooth_trc.h,att.obj,btstack.lib
MOD_BT,blueangel\btcore\btadp\inc\bluetooth_trc.h,att_state.obj,btstack.lib
MOD_BT,blueangel\btcore\btadp\inc\bluetooth_trc.h,att_utl.obj,btstack.lib
MOD_BT,blueangel\btcore\btadp\inc\bluetooth_trc.h,attdbmain.obj,btprofiles.lib
MOD_BT,blueangel\btcore\btadp\inc\bluetooth_trc.h,attsdpdb.obj,btprofiles.lib
MOD_BT,blueangel\btcore\btadp\inc\bluetooth_trc.h,ble_utils.obj,btprofiles.lib
MOD_BT,blueangel\btcore\btadp\inc\bluetooth_trc.h,bleservice_db.obj,btprofiles.lib
MOD_BT,blueangel\btcore\btadp\inc\bluetooth_trc.h,bt_adp_bm.obj,btadp.lib
MOD_BT,blueangel\btcore\btadp\inc\bluetooth_trc.h,bt_adp_bm_event.obj,btadp.lib
MOD_BT,blueangel\btcore\btadp\inc\bluetooth_trc.h,bt_adp_cust.obj,btadp.lib
MOD_BT,blueangel\btcore\btadp\inc\bluetooth_trc.h,bt_adp_em.obj,btadp.lib
MOD_BT,blueangel\btcore\btadp\inc\bluetooth_trc.h,bt_adp_fs.obj,btadp.lib
MOD_BT,blueangel\btcore\btadp\inc\bluetooth_trc.h,bt_adp_gattc.obj,btadp.lib
MOD_BT,blueangel\btcore\btadp\inc\bluetooth_trc.h,bt_adp_gatts.obj,btadp.lib
MOD_BT,blueangel\btcore\btadp\inc\bluetooth_trc.h,bt_adp_main.obj,btadp.lib
MOD_BT,blueangel\btcore\btadp\inc\bluetooth_trc.h,bt_adp_maui_utility.obj,btadp.lib
MOD_BT,blueangel\btcore\btadp\inc\bluetooth_trc.h,bt_adp_msg.obj,btadp.lib
MOD_BT,blueangel\btcore\btadp\inc\bluetooth_trc.h,bt_adp_profile_init.obj,btadp.lib
MOD_BT,blueangel\btcore\btadp\inc\bluetooth_trc.h,bt_adp_spp.obj,btadp.lib
MOD_BT,blueangel\btcore\btadp\inc\bluetooth_trc.h,bt_adp_spp_event.obj,btadp.lib
MOD_BT,blueangel\btcore\btadp\inc\bluetooth_trc.h,bt_adp_spp_vp.obj,btadp.lib
MOD_BT,blueangel\btcore\btadp\inc\bluetooth_trc.h,bt_adp_sys_event.obj,btadp.lib
MOD_BT,blueangel\btcore\btadp\inc\bluetooth_trc.h,bt_adp_system.obj,btadp.lib
MOD_BT,blueangel\btcore\btadp\inc\bluetooth_trc.h,bt_adp_utility.obj,btadp.lib
MOD_BT,blueangel\btcore\btadp\inc\bluetooth_trc.h,bt_ddb4w.obj,btadp.lib
MOD_BT,blueangel\btcore\btadp\inc\bluetooth_trc.h,bt_main.obj,btadp.lib
MOD_BT,blueangel\btcore\btadp\inc\bluetooth_trc.h,bt_osal_charset.obj,btadp.lib
MOD_BT,blueangel\btcore\btadp\inc\bluetooth_trc.h,bt_osapi.obj,btadp.lib
MOD_BT,blueangel\btcore\btadp\inc\bluetooth_trc.h,bt_parseopts.obj,btstack.lib
MOD_BT,blueangel\btcore\btadp\inc\bluetooth_trc.h,bt_profile_init.obj,btprofiles.lib
MOD_BT,blueangel\btcore\btadp\inc\bluetooth_trc.h,bt_spp_os.obj,btprofiles.lib
MOD_BT,blueangel\btcore\btadp\inc\bluetooth_trc.h,bt_uart.obj,btadp.lib
MOD_BT,blueangel\btcore\btadp\inc\bluetooth_trc.h,bt_uart_drv.obj,btadp.lib
MOD_BT,blueangel\btcore\btadp\inc\bluetooth_trc.h,bt_utility.obj,btadp.lib
MOD_BT,blueangel\btcore\btadp\inc\bluetooth_trc.h,bt_virtual_sniffer.obj,btadp.lib
MOD_BT,blueangel\btcore\btadp\inc\bluetooth_trc.h,bt_wifi_coexist_setting.obj,btstack.lib
MOD_BT,blueangel\btcore\btadp\inc\bluetooth_trc.h,btaccctrl.obj,btstack.lib
MOD_BT,blueangel\btcore\btadp\inc\bluetooth_trc.h,btalloc.obj,btstack.lib
MOD_BT,blueangel\btcore\btadp\inc\bluetooth_trc.h,btbm.obj,btstack.lib
MOD_BT,blueangel\btcore\btadp\inc\bluetooth_trc.h,btbmblocklist.obj,btstack.lib
MOD_BT,blueangel\btcore\btadp\inc\bluetooth_trc.h,btbmcon.obj,btstack.lib
MOD_BT,blueangel\btcore\btadp\inc\bluetooth_trc.h,btbmdev.obj,btstack.lib
MOD_BT,blueangel\btcore\btadp\inc\bluetooth_trc.h,btbmgatt.obj,btstack.lib
MOD_BT,blueangel\btcore\btadp\inc\bluetooth_trc.h,btbmleadv.obj,btstack.lib
MOD_BT,blueangel\btcore\btadp\inc\bluetooth_trc.h,btbmprofilesctrl.obj,btstack.lib
MOD_BT,blueangel\btcore\btadp\inc\bluetooth_trc.h,btbmsdp.obj,btstack.lib
MOD_BT,blueangel\btcore\btadp\inc\bluetooth_trc.h,btbmsec.obj,btstack.lib
MOD_BT,blueangel\btcore\btadp\inc\bluetooth_trc.h,btbmsetting.obj,btstack.lib
MOD_BT,blueangel\btcore\btadp\inc\bluetooth_trc.h,btosapi.obj,btadp.lib
MOD_BT,blueangel\btcore\btadp\inc\bluetooth_trc.h,btrom.obj,btadp.lib
MOD_BT,blueangel\btcore\btadp\inc\bluetooth_trc.h,btutils.obj,btadp.lib
MOD_BT,blueangel\btcore\btadp\inc\bluetooth_trc.h,conmgr.obj,btstack.lib
MOD_BT,blueangel\btcore\btadp\inc\bluetooth_trc.h,debug.obj,btadp.lib
MOD_BT,blueangel\btcore\btadp\inc\bluetooth_trc.h,eventmgr.obj,btstack.lib
MOD_BT,blueangel\btcore\btadp\inc\bluetooth_trc.h,gapattdb.obj,btprofiles.lib
MOD_BT,blueangel\btcore\btadp\inc\bluetooth_trc.h,gatt.obj,btstack.lib
MOD_BT,blueangel\btcore\btadp\inc\bluetooth_trc.h,gatt_hdl.obj,btstack.lib
MOD_BT,blueangel\btcore\btadp\inc\bluetooth_trc.h,gatt_state.obj,btstack.lib
MOD_BT,blueangel\btcore\btadp\inc\bluetooth_trc.h,gatt_util.obj,btprofiles.lib
MOD_BT,blueangel\btcore\btadp\inc\bluetooth_trc.h,gatt_utl.obj,btstack.lib
MOD_BT,blueangel\btcore\btadp\inc\bluetooth_trc.h,gattc.obj,btprofiles.lib
MOD_BT,blueangel\btcore\btadp\inc\bluetooth_trc.h,gattc_channel.obj,btprofiles.lib
MOD_BT,blueangel\btcore\btadp\inc\bluetooth_trc.h,gatts.obj,btprofiles.lib
MOD_BT,blueangel\btcore\btadp\inc\bluetooth_trc.h,gatts_svc.obj,btprofiles.lib
MOD_BT,blueangel\btcore\btadp\inc\bluetooth_trc.h,hci.obj,btstack.lib
MOD_BT,blueangel\btcore\btadp\inc\bluetooth_trc.h,hci_evnt.obj,btstack.lib
MOD_BT,blueangel\btcore\btadp\inc\bluetooth_trc.h,hci_meta.obj,btstack.lib
MOD_BT,blueangel\btcore\btadp\inc\bluetooth_trc.h,hci_proc.obj,btstack.lib
MOD_BT,blueangel\btcore\btadp\inc\bluetooth_trc.h,hci_util.obj,btstack.lib
MOD_BT,blueangel\btcore\btadp\inc\bluetooth_trc.h,l2cap.obj,btstack.lib
MOD_BT,blueangel\btcore\btadp\inc\bluetooth_trc.h,l2cap_enhanced.obj,btstack.lib
MOD_BT,blueangel\btcore\btadp\inc\bluetooth_trc.h,l2cap_if.obj,btstack.lib
MOD_BT,blueangel\btcore\btadp\inc\bluetooth_trc.h,l2cap_sm.obj,btstack.lib
MOD_BT,blueangel\btcore\btadp\inc\bluetooth_trc.h,l2cap_utl.obj,btstack.lib
MOD_BT,blueangel\btcore\btadp\inc\bluetooth_trc.h,me.obj,btstack.lib
MOD_BT,blueangel\btcore\btadp\inc\bluetooth_trc.h,meacc.obj,btstack.lib
MOD_BT,blueangel\btcore\btadp\inc\bluetooth_trc.h,mecon.obj,btstack.lib
MOD_BT,blueangel\btcore\btadp\inc\bluetooth_trc.h,medev.obj,btstack.lib
MOD_BT,blueangel\btcore\btadp\inc\bluetooth_trc.h,meeir.obj,btstack.lib
MOD_BT,blueangel\btcore\btadp\inc\bluetooth_trc.h,meif.obj,btstack.lib
MOD_BT,blueangel\btcore\btadp\inc\bluetooth_trc.h,mele.obj,btstack.lib
MOD_BT,blueangel\btcore\btadp\inc\bluetooth_trc.h,meradio.obj,btstack.lib
MOD_BT,blueangel\btcore\btadp\inc\bluetooth_trc.h,mesco.obj,btstack.lib
MOD_BT,blueangel\btcore\btadp\inc\bluetooth_trc.h,mescodat.obj,btstack.lib
MOD_BT,blueangel\btcore\btadp\inc\bluetooth_trc.h,mescoif.obj,btstack.lib
MOD_BT,blueangel\btcore\btadp\inc\bluetooth_trc.h,mesec.obj,btstack.lib
MOD_BT,blueangel\btcore\btadp\inc\bluetooth_trc.h,radiomgr.obj,btstack.lib
MOD_BT,blueangel\btcore\btadp\inc\bluetooth_trc.h,rfc_ctl.obj,btstack.lib
MOD_BT,blueangel\btcore\btadp\inc\bluetooth_trc.h,rfc_fcs.obj,btstack.lib
MOD_BT,blueangel\btcore\btadp\inc\bluetooth_trc.h,rfc_sm.obj,btstack.lib
MOD_BT,blueangel\btcore\btadp\inc\bluetooth_trc.h,rfc_util.obj,btstack.lib
MOD_BT,blueangel\btcore\btadp\inc\bluetooth_trc.h,rfcomm.obj,btstack.lib
MOD_BT,blueangel\btcore\btadp\inc\bluetooth_trc.h,rxbuff.obj,btadp.lib
MOD_BT,blueangel\btcore\btadp\inc\bluetooth_trc.h,sdap.obj,btstack.lib
MOD_BT,blueangel\btcore\btadp\inc\bluetooth_trc.h,sdap_devdb.obj,btstack.lib
MOD_BT,blueangel\btcore\btadp\inc\bluetooth_trc.h,sdp.obj,btstack.lib
MOD_BT,blueangel\btcore\btadp\inc\bluetooth_trc.h,sdpclient.obj,btstack.lib
MOD_BT,blueangel\btcore\btadp\inc\bluetooth_trc.h,sdpdb.obj,btprofiles.lib
MOD_BT,blueangel\btcore\btadp\inc\bluetooth_trc.h,sdpserv.obj,btstack.lib
MOD_BT,blueangel\btcore\btadp\inc\bluetooth_trc.h,sdputil.obj,btstack.lib
MOD_BT,blueangel\btcore\btadp\inc\bluetooth_trc.h,sm.obj,btstack.lib
MOD_BT,blueangel\btcore\btadp\inc\bluetooth_trc.h,smp.obj,btstack.lib
MOD_BT,blueangel\btcore\btadp\inc\bluetooth_trc.h,spp.obj,btprofiles.lib
MOD_BT,blueangel\btcore\btadp\inc\bluetooth_trc.h,spp_api.obj,btprofiles.lib
MOD_BT,blueangel\btcore\btadp\inc\bluetooth_trc.h,sppsdpdb.obj,btprofiles.lib
MOD_BT,blueangel\btcore\btadp\inc\bluetooth_trc.h,transprt.obj,btstack.lib
MOD_BT,blueangel\btcore\btadp\inc\bluetooth_trc.h,uarttran.obj,btstack.lib
MOD_AUX,drv\include\drv_trc.h,accdet.obj,peripheral.lib
MOD_AUX,drv\include\drv_trc.h,app_parse_db.obj,codegen.lib
MOD_AUX,drv\include\drv_trc.h,dcl_common.obj,peripheral.lib
MOD_AUX,drv\include\drv_trc.h,dcl_eint.obj,peripheral.lib
MOD_AUX,drv\include\drv_trc.h,dcl_gpt.obj,peripheral.lib
MOD_AUX,drv\include\drv_trc.h,dcl_memory_card.obj,mc.lib
MOD_AUX,drv\include\drv_trc.h,dclh_kbd.obj,peripheral.lib
MOD_AUX,drv\include\drv_trc.h,dcls_kbd.obj,peripheral.lib
MOD_AUX,drv\include\drv_trc.h,display_io.obj,drv_display.lib
MOD_AUX,drv\include\drv_trc.h,flatten_api_6260.obj,drv_display.lib
MOD_AUX,drv\include\drv_trc.h,kbdmain.obj,peripheral.lib
MOD_AUX,drv\include\drv_trc.h,lcd_exception_api_6260.obj,drv_display.lib
MOD_AUX,drv\include\drv_trc.h,msdc.obj,mc.lib
MOD_AUX,drv\include\drv_trc.h,msdc2.obj,mc.lib
MOD_AUX,drv\include\drv_trc.h,pfc.obj,peripheral.lib
MOD_AUX,drv\include\drv_trc.h,rtc.obj,bootloader_ext.lib
MOD_AUX,drv\include\drv_trc.h,rtc.obj,peripheral.lib
MOD_AUX,drv\include\drv_trc.h,sd.obj,mc.lib
MOD_AUX,drv\include\drv_trc.h,sd2.obj,mc.lib
MOD_AUX,drv\include\drv_trc.h,sd_drv.obj,mc.lib
MOD_AUX,drv\include\drv_trc.h,sd_drv2.obj,mc.lib
MOD_AUX,drv\include\drv_trc.h,sdio_drv.obj,mc.lib
MOD_AUX,drv\include\drv_trc.h,sw_keypad.obj,peripheral.lib
MOD_AUX,drv\include\drv_trc.h,uart.obj,peripheral.lib
MOD_AUX,drv\include\drv_trc.h,uart_vfifo.obj,peripheral.lib
MOD_AUX,drv\include\drv_trc.h,wfc_autonomous.obj,drv_display.lib
MOD_AUX,drv\include\drv_trc.h,wfcapi.obj,drv_display.lib
MOD_AUX,drv\include\drv_trc.h,wfd_lcd_common.obj,drv_display.lib
MOD_CAL,drv\include\drv_trc.h,accdet.obj,peripheral.lib
MOD_CAL,drv\include\drv_trc.h,app_parse_db.obj,codegen.lib
MOD_CAL,drv\include\drv_trc.h,dcl_common.obj,peripheral.lib
MOD_CAL,drv\include\drv_trc.h,dcl_eint.obj,peripheral.lib
MOD_CAL,drv\include\drv_trc.h,dcl_gpt.obj,peripheral.lib
MOD_CAL,drv\include\drv_trc.h,dcl_memory_card.obj,mc.lib
MOD_CAL,drv\include\drv_trc.h,dclh_kbd.obj,peripheral.lib
MOD_CAL,drv\include\drv_trc.h,dcls_kbd.obj,peripheral.lib
MOD_CAL,drv\include\drv_trc.h,display_io.obj,drv_display.lib
MOD_CAL,drv\include\drv_trc.h,flatten_api_6260.obj,drv_display.lib
MOD_CAL,drv\include\drv_trc.h,kbdmain.obj,peripheral.lib
MOD_CAL,drv\include\drv_trc.h,lcd_exception_api_6260.obj,drv_display.lib
MOD_CAL,drv\include\drv_trc.h,msdc.obj,mc.lib
MOD_CAL,drv\include\drv_trc.h,msdc2.obj,mc.lib
MOD_CAL,drv\include\drv_trc.h,pfc.obj,peripheral.lib
MOD_CAL,drv\include\drv_trc.h,rtc.obj,bootloader_ext.lib
MOD_CAL,drv\include\drv_trc.h,rtc.obj,peripheral.lib
MOD_CAL,drv\include\drv_trc.h,sd.obj,mc.lib
MOD_CAL,drv\include\drv_trc.h,sd2.obj,mc.lib
MOD_CAL,drv\include\drv_trc.h,sd_drv.obj,mc.lib
MOD_CAL,drv\include\drv_trc.h,sd_drv2.obj,mc.lib
MOD_CAL,drv\include\drv_trc.h,sdio_drv.obj,mc.lib
MOD_CAL,drv\include\drv_trc.h,sw_keypad.obj,peripheral.lib
MOD_CAL,drv\include\drv_trc.h,uart.obj,peripheral.lib
MOD_CAL,drv\include\drv_trc.h,uart_vfifo.obj,peripheral.lib
MOD_CAL,drv\include\drv_trc.h,wfc_autonomous.obj,drv_display.lib
MOD_CAL,drv\include\drv_trc.h,wfcapi.obj,drv_display.lib
MOD_CAL,drv\include\drv_trc.h,wfd_lcd_common.obj,drv_display.lib
MOD_DCL_COMMON,drv\include\drv_trc.h,accdet.obj,peripheral.lib
MOD_DCL_COMMON,drv\include\drv_trc.h,app_parse_db.obj,codegen.lib
MOD_DCL_COMMON,drv\include\drv_trc.h,dcl_common.obj,peripheral.lib
MOD_DCL_COMMON,drv\include\drv_trc.h,dcl_eint.obj,peripheral.lib
MOD_DCL_COMMON,drv\include\drv_trc.h,dcl_gpt.obj,peripheral.lib
MOD_DCL_COMMON,drv\include\drv_trc.h,dcl_memory_card.obj,mc.lib
MOD_DCL_COMMON,drv\include\drv_trc.h,dclh_kbd.obj,peripheral.lib
MOD_DCL_COMMON,drv\include\drv_trc.h,dcls_kbd.obj,peripheral.lib
MOD_DCL_COMMON,drv\include\drv_trc.h,display_io.obj,drv_display.lib
MOD_DCL_COMMON,drv\include\drv_trc.h,flatten_api_6260.obj,drv_display.lib
MOD_DCL_COMMON,drv\include\drv_trc.h,kbdmain.obj,peripheral.lib
MOD_DCL_COMMON,drv\include\drv_trc.h,lcd_exception_api_6260.obj,drv_display.lib
MOD_DCL_COMMON,drv\include\drv_trc.h,msdc.obj,mc.lib
MOD_DCL_COMMON,drv\include\drv_trc.h,msdc2.obj,mc.lib
MOD_DCL_COMMON,drv\include\drv_trc.h,pfc.obj,peripheral.lib
MOD_DCL_COMMON,drv\include\drv_trc.h,rtc.obj,bootloader_ext.lib
MOD_DCL_COMMON,drv\include\drv_trc.h,rtc.obj,peripheral.lib
MOD_DCL_COMMON,drv\include\drv_trc.h,sd.obj,mc.lib
MOD_DCL_COMMON,drv\include\drv_trc.h,sd2.obj,mc.lib
MOD_DCL_COMMON,drv\include\drv_trc.h,sd_drv.obj,mc.lib
MOD_DCL_COMMON,drv\include\drv_trc.h,sd_drv2.obj,mc.lib
MOD_DCL_COMMON,drv\include\drv_trc.h,sdio_drv.obj,mc.lib
MOD_DCL_COMMON,drv\include\drv_trc.h,sw_keypad.obj,peripheral.lib
MOD_DCL_COMMON,drv\include\drv_trc.h,uart.obj,peripheral.lib
MOD_DCL_COMMON,drv\include\drv_trc.h,uart_vfifo.obj,peripheral.lib
MOD_DCL_COMMON,drv\include\drv_trc.h,wfc_autonomous.obj,drv_display.lib
MOD_DCL_COMMON,drv\include\drv_trc.h,wfcapi.obj,drv_display.lib
MOD_DCL_COMMON,drv\include\drv_trc.h,wfd_lcd_common.obj,drv_display.lib
MOD_DRVKBD,drv\include\drv_trc.h,accdet.obj,peripheral.lib
MOD_DRVKBD,drv\include\drv_trc.h,app_parse_db.obj,codegen.lib
MOD_DRVKBD,drv\include\drv_trc.h,dcl_common.obj,peripheral.lib
MOD_DRVKBD,drv\include\drv_trc.h,dcl_eint.obj,peripheral.lib
MOD_DRVKBD,drv\include\drv_trc.h,dcl_gpt.obj,peripheral.lib
MOD_DRVKBD,drv\include\drv_trc.h,dcl_memory_card.obj,mc.lib
MOD_DRVKBD,drv\include\drv_trc.h,dclh_kbd.obj,peripheral.lib
MOD_DRVKBD,drv\include\drv_trc.h,dcls_kbd.obj,peripheral.lib
MOD_DRVKBD,drv\include\drv_trc.h,display_io.obj,drv_display.lib
MOD_DRVKBD,drv\include\drv_trc.h,flatten_api_6260.obj,drv_display.lib
MOD_DRVKBD,drv\include\drv_trc.h,kbdmain.obj,peripheral.lib
MOD_DRVKBD,drv\include\drv_trc.h,lcd_exception_api_6260.obj,drv_display.lib
MOD_DRVKBD,drv\include\drv_trc.h,msdc.obj,mc.lib
MOD_DRVKBD,drv\include\drv_trc.h,msdc2.obj,mc.lib
MOD_DRVKBD,drv\include\drv_trc.h,pfc.obj,peripheral.lib
MOD_DRVKBD,drv\include\drv_trc.h,rtc.obj,bootloader_ext.lib
MOD_DRVKBD,drv\include\drv_trc.h,rtc.obj,peripheral.lib
MOD_DRVKBD,drv\include\drv_trc.h,sd.obj,mc.lib
MOD_DRVKBD,drv\include\drv_trc.h,sd2.obj,mc.lib
MOD_DRVKBD,drv\include\drv_trc.h,sd_drv.obj,mc.lib
MOD_DRVKBD,drv\include\drv_trc.h,sd_drv2.obj,mc.lib
MOD_DRVKBD,drv\include\drv_trc.h,sdio_drv.obj,mc.lib
MOD_DRVKBD,drv\include\drv_trc.h,sw_keypad.obj,peripheral.lib
MOD_DRVKBD,drv\include\drv_trc.h,uart.obj,peripheral.lib
MOD_DRVKBD,drv\include\drv_trc.h,uart_vfifo.obj,peripheral.lib
MOD_DRVKBD,drv\include\drv_trc.h,wfc_autonomous.obj,drv_display.lib
MOD_DRVKBD,drv\include\drv_trc.h,wfcapi.obj,drv_display.lib
MOD_DRVKBD,drv\include\drv_trc.h,wfd_lcd_common.obj,drv_display.lib
MOD_DRV_HISR,drv\include\drv_trc.h,accdet.obj,peripheral.lib
MOD_DRV_HISR,drv\include\drv_trc.h,app_parse_db.obj,codegen.lib
MOD_DRV_HISR,drv\include\drv_trc.h,dcl_common.obj,peripheral.lib
MOD_DRV_HISR,drv\include\drv_trc.h,dcl_eint.obj,peripheral.lib
MOD_DRV_HISR,drv\include\drv_trc.h,dcl_gpt.obj,peripheral.lib
MOD_DRV_HISR,drv\include\drv_trc.h,dcl_memory_card.obj,mc.lib
MOD_DRV_HISR,drv\include\drv_trc.h,dclh_kbd.obj,peripheral.lib
MOD_DRV_HISR,drv\include\drv_trc.h,dcls_kbd.obj,peripheral.lib
MOD_DRV_HISR,drv\include\drv_trc.h,display_io.obj,drv_display.lib
MOD_DRV_HISR,drv\include\drv_trc.h,flatten_api_6260.obj,drv_display.lib
MOD_DRV_HISR,drv\include\drv_trc.h,kbdmain.obj,peripheral.lib
MOD_DRV_HISR,drv\include\drv_trc.h,lcd_exception_api_6260.obj,drv_display.lib
MOD_DRV_HISR,drv\include\drv_trc.h,msdc.obj,mc.lib
MOD_DRV_HISR,drv\include\drv_trc.h,msdc2.obj,mc.lib
MOD_DRV_HISR,drv\include\drv_trc.h,pfc.obj,peripheral.lib
MOD_DRV_HISR,drv\include\drv_trc.h,rtc.obj,bootloader_ext.lib
MOD_DRV_HISR,drv\include\drv_trc.h,rtc.obj,peripheral.lib
MOD_DRV_HISR,drv\include\drv_trc.h,sd.obj,mc.lib
MOD_DRV_HISR,drv\include\drv_trc.h,sd2.obj,mc.lib
MOD_DRV_HISR,drv\include\drv_trc.h,sd_drv.obj,mc.lib
MOD_DRV_HISR,drv\include\drv_trc.h,sd_drv2.obj,mc.lib
MOD_DRV_HISR,drv\include\drv_trc.h,sdio_drv.obj,mc.lib
MOD_DRV_HISR,drv\include\drv_trc.h,sw_keypad.obj,peripheral.lib
MOD_DRV_HISR,drv\include\drv_trc.h,uart.obj,peripheral.lib
MOD_DRV_HISR,drv\include\drv_trc.h,uart_vfifo.obj,peripheral.lib
MOD_DRV_HISR,drv\include\drv_trc.h,wfc_autonomous.obj,drv_display.lib
MOD_DRV_HISR,drv\include\drv_trc.h,wfcapi.obj,drv_display.lib
MOD_DRV_HISR,drv\include\drv_trc.h,wfd_lcd_common.obj,drv_display.lib
MOD_DRV_IDP,drv\include\drv_trc.h,accdet.obj,peripheral.lib
MOD_DRV_IDP,drv\include\drv_trc.h,app_parse_db.obj,codegen.lib
MOD_DRV_IDP,drv\include\drv_trc.h,dcl_common.obj,peripheral.lib
MOD_DRV_IDP,drv\include\drv_trc.h,dcl_eint.obj,peripheral.lib
MOD_DRV_IDP,drv\include\drv_trc.h,dcl_gpt.obj,peripheral.lib
MOD_DRV_IDP,drv\include\drv_trc.h,dcl_memory_card.obj,mc.lib
MOD_DRV_IDP,drv\include\drv_trc.h,dclh_kbd.obj,peripheral.lib
MOD_DRV_IDP,drv\include\drv_trc.h,dcls_kbd.obj,peripheral.lib
MOD_DRV_IDP,drv\include\drv_trc.h,display_io.obj,drv_display.lib
MOD_DRV_IDP,drv\include\drv_trc.h,flatten_api_6260.obj,drv_display.lib
MOD_DRV_IDP,drv\include\drv_trc.h,kbdmain.obj,peripheral.lib
MOD_DRV_IDP,drv\include\drv_trc.h,lcd_exception_api_6260.obj,drv_display.lib
MOD_DRV_IDP,drv\include\drv_trc.h,msdc.obj,mc.lib
MOD_DRV_IDP,drv\include\drv_trc.h,msdc2.obj,mc.lib
MOD_DRV_IDP,drv\include\drv_trc.h,pfc.obj,peripheral.lib
MOD_DRV_IDP,drv\include\drv_trc.h,rtc.obj,bootloader_ext.lib
MOD_DRV_IDP,drv\include\drv_trc.h,rtc.obj,peripheral.lib
MOD_DRV_IDP,drv\include\drv_trc.h,sd.obj,mc.lib
MOD_DRV_IDP,drv\include\drv_trc.h,sd2.obj,mc.lib
MOD_DRV_IDP,drv\include\drv_trc.h,sd_drv.obj,mc.lib
MOD_DRV_IDP,drv\include\drv_trc.h,sd_drv2.obj,mc.lib
MOD_DRV_IDP,drv\include\drv_trc.h,sdio_drv.obj,mc.lib
MOD_DRV_IDP,drv\include\drv_trc.h,sw_keypad.obj,peripheral.lib
MOD_DRV_IDP,drv\include\drv_trc.h,uart.obj,peripheral.lib
MOD_DRV_IDP,drv\include\drv_trc.h,uart_vfifo.obj,peripheral.lib
MOD_DRV_IDP,drv\include\drv_trc.h,wfc_autonomous.obj,drv_display.lib
MOD_DRV_IDP,drv\include\drv_trc.h,wfcapi.obj,drv_display.lib
MOD_DRV_IDP,drv\include\drv_trc.h,wfd_lcd_common.obj,drv_display.lib
MOD_DRV_LCD,drv\include\drv_trc.h,accdet.obj,peripheral.lib
MOD_DRV_LCD,drv\include\drv_trc.h,app_parse_db.obj,codegen.lib
MOD_DRV_LCD,drv\include\drv_trc.h,dcl_common.obj,peripheral.lib
MOD_DRV_LCD,drv\include\drv_trc.h,dcl_eint.obj,peripheral.lib
MOD_DRV_LCD,drv\include\drv_trc.h,dcl_gpt.obj,peripheral.lib
MOD_DRV_LCD,drv\include\drv_trc.h,dcl_memory_card.obj,mc.lib
MOD_DRV_LCD,drv\include\drv_trc.h,dclh_kbd.obj,peripheral.lib
MOD_DRV_LCD,drv\include\drv_trc.h,dcls_kbd.obj,peripheral.lib
MOD_DRV_LCD,drv\include\drv_trc.h,display_io.obj,drv_display.lib
MOD_DRV_LCD,drv\include\drv_trc.h,flatten_api_6260.obj,drv_display.lib
MOD_DRV_LCD,drv\include\drv_trc.h,kbdmain.obj,peripheral.lib
MOD_DRV_LCD,drv\include\drv_trc.h,lcd_exception_api_6260.obj,drv_display.lib
MOD_DRV_LCD,drv\include\drv_trc.h,msdc.obj,mc.lib
MOD_DRV_LCD,drv\include\drv_trc.h,msdc2.obj,mc.lib
MOD_DRV_LCD,drv\include\drv_trc.h,pfc.obj,peripheral.lib
MOD_DRV_LCD,drv\include\drv_trc.h,rtc.obj,bootloader_ext.lib
MOD_DRV_LCD,drv\include\drv_trc.h,rtc.obj,peripheral.lib
MOD_DRV_LCD,drv\include\drv_trc.h,sd.obj,mc.lib
MOD_DRV_LCD,drv\include\drv_trc.h,sd2.obj,mc.lib
MOD_DRV_LCD,drv\include\drv_trc.h,sd_drv.obj,mc.lib
MOD_DRV_LCD,drv\include\drv_trc.h,sd_drv2.obj,mc.lib
MOD_DRV_LCD,drv\include\drv_trc.h,sdio_drv.obj,mc.lib
MOD_DRV_LCD,drv\include\drv_trc.h,sw_keypad.obj,peripheral.lib
MOD_DRV_LCD,drv\include\drv_trc.h,uart.obj,peripheral.lib
MOD_DRV_LCD,drv\include\drv_trc.h,uart_vfifo.obj,peripheral.lib
MOD_DRV_LCD,drv\include\drv_trc.h,wfc_autonomous.obj,drv_display.lib
MOD_DRV_LCD,drv\include\drv_trc.h,wfcapi.obj,drv_display.lib
MOD_DRV_LCD,drv\include\drv_trc.h,wfd_lcd_common.obj,drv_display.lib
MOD_EC_TASK,drv\include\drv_trc.h,accdet.obj,peripheral.lib
MOD_EC_TASK,drv\include\drv_trc.h,app_parse_db.obj,codegen.lib
MOD_EC_TASK,drv\include\drv_trc.h,dcl_common.obj,peripheral.lib
MOD_EC_TASK,drv\include\drv_trc.h,dcl_eint.obj,peripheral.lib
MOD_EC_TASK,drv\include\drv_trc.h,dcl_gpt.obj,peripheral.lib
MOD_EC_TASK,drv\include\drv_trc.h,dcl_memory_card.obj,mc.lib
MOD_EC_TASK,drv\include\drv_trc.h,dclh_kbd.obj,peripheral.lib
MOD_EC_TASK,drv\include\drv_trc.h,dcls_kbd.obj,peripheral.lib
MOD_EC_TASK,drv\include\drv_trc.h,display_io.obj,drv_display.lib
MOD_EC_TASK,drv\include\drv_trc.h,flatten_api_6260.obj,drv_display.lib
MOD_EC_TASK,drv\include\drv_trc.h,kbdmain.obj,peripheral.lib
MOD_EC_TASK,drv\include\drv_trc.h,lcd_exception_api_6260.obj,drv_display.lib
MOD_EC_TASK,drv\include\drv_trc.h,msdc.obj,mc.lib
MOD_EC_TASK,drv\include\drv_trc.h,msdc2.obj,mc.lib
MOD_EC_TASK,drv\include\drv_trc.h,pfc.obj,peripheral.lib
MOD_EC_TASK,drv\include\drv_trc.h,rtc.obj,bootloader_ext.lib
MOD_EC_TASK,drv\include\drv_trc.h,rtc.obj,peripheral.lib
MOD_EC_TASK,drv\include\drv_trc.h,sd.obj,mc.lib
MOD_EC_TASK,drv\include\drv_trc.h,sd2.obj,mc.lib
MOD_EC_TASK,drv\include\drv_trc.h,sd_drv.obj,mc.lib
MOD_EC_TASK,drv\include\drv_trc.h,sd_drv2.obj,mc.lib
MOD_EC_TASK,drv\include\drv_trc.h,sdio_drv.obj,mc.lib
MOD_EC_TASK,drv\include\drv_trc.h,sw_keypad.obj,peripheral.lib
MOD_EC_TASK,drv\include\drv_trc.h,uart.obj,peripheral.lib
MOD_EC_TASK,drv\include\drv_trc.h,uart_vfifo.obj,peripheral.lib
MOD_EC_TASK,drv\include\drv_trc.h,wfc_autonomous.obj,drv_display.lib
MOD_EC_TASK,drv\include\drv_trc.h,wfcapi.obj,drv_display.lib
MOD_EC_TASK,drv\include\drv_trc.h,wfd_lcd_common.obj,drv_display.lib
MOD_MSDC_HISR,drv\include\drv_trc.h,accdet.obj,peripheral.lib
MOD_MSDC_HISR,drv\include\drv_trc.h,app_parse_db.obj,codegen.lib
MOD_MSDC_HISR,drv\include\drv_trc.h,dcl_common.obj,peripheral.lib
MOD_MSDC_HISR,drv\include\drv_trc.h,dcl_eint.obj,peripheral.lib
MOD_MSDC_HISR,drv\include\drv_trc.h,dcl_gpt.obj,peripheral.lib
MOD_MSDC_HISR,drv\include\drv_trc.h,dcl_memory_card.obj,mc.lib
MOD_MSDC_HISR,drv\include\drv_trc.h,dclh_kbd.obj,peripheral.lib
MOD_MSDC_HISR,drv\include\drv_trc.h,dcls_kbd.obj,peripheral.lib
MOD_MSDC_HISR,drv\include\drv_trc.h,display_io.obj,drv_display.lib
MOD_MSDC_HISR,drv\include\drv_trc.h,flatten_api_6260.obj,drv_display.lib
MOD_MSDC_HISR,drv\include\drv_trc.h,kbdmain.obj,peripheral.lib
MOD_MSDC_HISR,drv\include\drv_trc.h,lcd_exception_api_6260.obj,drv_display.lib
MOD_MSDC_HISR,drv\include\drv_trc.h,msdc.obj,mc.lib
MOD_MSDC_HISR,drv\include\drv_trc.h,msdc2.obj,mc.lib
MOD_MSDC_HISR,drv\include\drv_trc.h,pfc.obj,peripheral.lib
MOD_MSDC_HISR,drv\include\drv_trc.h,rtc.obj,bootloader_ext.lib
MOD_MSDC_HISR,drv\include\drv_trc.h,rtc.obj,peripheral.lib
MOD_MSDC_HISR,drv\include\drv_trc.h,sd.obj,mc.lib
MOD_MSDC_HISR,drv\include\drv_trc.h,sd2.obj,mc.lib
MOD_MSDC_HISR,drv\include\drv_trc.h,sd_drv.obj,mc.lib
MOD_MSDC_HISR,drv\include\drv_trc.h,sd_drv2.obj,mc.lib
MOD_MSDC_HISR,drv\include\drv_trc.h,sdio_drv.obj,mc.lib
MOD_MSDC_HISR,drv\include\drv_trc.h,sw_keypad.obj,peripheral.lib
MOD_MSDC_HISR,drv\include\drv_trc.h,uart.obj,peripheral.lib
MOD_MSDC_HISR,drv\include\drv_trc.h,uart_vfifo.obj,peripheral.lib
MOD_MSDC_HISR,drv\include\drv_trc.h,wfc_autonomous.obj,drv_display.lib
MOD_MSDC_HISR,drv\include\drv_trc.h,wfcapi.obj,drv_display.lib
MOD_MSDC_HISR,drv\include\drv_trc.h,wfd_lcd_common.obj,drv_display.lib
MOD_PPP_HW,drv\include\drv_trc.h,accdet.obj,peripheral.lib
MOD_PPP_HW,drv\include\drv_trc.h,app_parse_db.obj,codegen.lib
MOD_PPP_HW,drv\include\drv_trc.h,dcl_common.obj,peripheral.lib
MOD_PPP_HW,drv\include\drv_trc.h,dcl_eint.obj,peripheral.lib
MOD_PPP_HW,drv\include\drv_trc.h,dcl_gpt.obj,peripheral.lib
MOD_PPP_HW,drv\include\drv_trc.h,dcl_memory_card.obj,mc.lib
MOD_PPP_HW,drv\include\drv_trc.h,dclh_kbd.obj,peripheral.lib
MOD_PPP_HW,drv\include\drv_trc.h,dcls_kbd.obj,peripheral.lib
MOD_PPP_HW,drv\include\drv_trc.h,display_io.obj,drv_display.lib
MOD_PPP_HW,drv\include\drv_trc.h,flatten_api_6260.obj,drv_display.lib
MOD_PPP_HW,drv\include\drv_trc.h,kbdmain.obj,peripheral.lib
MOD_PPP_HW,drv\include\drv_trc.h,lcd_exception_api_6260.obj,drv_display.lib
MOD_PPP_HW,drv\include\drv_trc.h,msdc.obj,mc.lib
MOD_PPP_HW,drv\include\drv_trc.h,msdc2.obj,mc.lib
MOD_PPP_HW,drv\include\drv_trc.h,pfc.obj,peripheral.lib
MOD_PPP_HW,drv\include\drv_trc.h,rtc.obj,bootloader_ext.lib
MOD_PPP_HW,drv\include\drv_trc.h,rtc.obj,peripheral.lib
MOD_PPP_HW,drv\include\drv_trc.h,sd.obj,mc.lib
MOD_PPP_HW,drv\include\drv_trc.h,sd2.obj,mc.lib
MOD_PPP_HW,drv\include\drv_trc.h,sd_drv.obj,mc.lib
MOD_PPP_HW,drv\include\drv_trc.h,sd_drv2.obj,mc.lib
MOD_PPP_HW,drv\include\drv_trc.h,sdio_drv.obj,mc.lib
MOD_PPP_HW,drv\include\drv_trc.h,sw_keypad.obj,peripheral.lib
MOD_PPP_HW,drv\include\drv_trc.h,uart.obj,peripheral.lib
MOD_PPP_HW,drv\include\drv_trc.h,uart_vfifo.obj,peripheral.lib
MOD_PPP_HW,drv\include\drv_trc.h,wfc_autonomous.obj,drv_display.lib
MOD_PPP_HW,drv\include\drv_trc.h,wfcapi.obj,drv_display.lib
MOD_PPP_HW,drv\include\drv_trc.h,wfd_lcd_common.obj,drv_display.lib
MOD_RTC_HISR,drv\include\drv_trc.h,accdet.obj,peripheral.lib
MOD_RTC_HISR,drv\include\drv_trc.h,app_parse_db.obj,codegen.lib
MOD_RTC_HISR,drv\include\drv_trc.h,dcl_common.obj,peripheral.lib
MOD_RTC_HISR,drv\include\drv_trc.h,dcl_eint.obj,peripheral.lib
MOD_RTC_HISR,drv\include\drv_trc.h,dcl_gpt.obj,peripheral.lib
MOD_RTC_HISR,drv\include\drv_trc.h,dcl_memory_card.obj,mc.lib
MOD_RTC_HISR,drv\include\drv_trc.h,dclh_kbd.obj,peripheral.lib
MOD_RTC_HISR,drv\include\drv_trc.h,dcls_kbd.obj,peripheral.lib
MOD_RTC_HISR,drv\include\drv_trc.h,display_io.obj,drv_display.lib
MOD_RTC_HISR,drv\include\drv_trc.h,flatten_api_6260.obj,drv_display.lib
MOD_RTC_HISR,drv\include\drv_trc.h,kbdmain.obj,peripheral.lib
MOD_RTC_HISR,drv\include\drv_trc.h,lcd_exception_api_6260.obj,drv_display.lib
MOD_RTC_HISR,drv\include\drv_trc.h,msdc.obj,mc.lib
MOD_RTC_HISR,drv\include\drv_trc.h,msdc2.obj,mc.lib
MOD_RTC_HISR,drv\include\drv_trc.h,pfc.obj,peripheral.lib
MOD_RTC_HISR,drv\include\drv_trc.h,rtc.obj,bootloader_ext.lib
MOD_RTC_HISR,drv\include\drv_trc.h,rtc.obj,peripheral.lib
MOD_RTC_HISR,drv\include\drv_trc.h,sd.obj,mc.lib
MOD_RTC_HISR,drv\include\drv_trc.h,sd2.obj,mc.lib
MOD_RTC_HISR,drv\include\drv_trc.h,sd_drv.obj,mc.lib
MOD_RTC_HISR,drv\include\drv_trc.h,sd_drv2.obj,mc.lib
MOD_RTC_HISR,drv\include\drv_trc.h,sdio_drv.obj,mc.lib
MOD_RTC_HISR,drv\include\drv_trc.h,sw_keypad.obj,peripheral.lib
MOD_RTC_HISR,drv\include\drv_trc.h,uart.obj,peripheral.lib
MOD_RTC_HISR,drv\include\drv_trc.h,uart_vfifo.obj,peripheral.lib
MOD_RTC_HISR,drv\include\drv_trc.h,wfc_autonomous.obj,drv_display.lib
MOD_RTC_HISR,drv\include\drv_trc.h,wfcapi.obj,drv_display.lib
MOD_RTC_HISR,drv\include\drv_trc.h,wfd_lcd_common.obj,drv_display.lib
MOD_TP_TASK,drv\include\drv_trc.h,accdet.obj,peripheral.lib
MOD_TP_TASK,drv\include\drv_trc.h,app_parse_db.obj,codegen.lib
MOD_TP_TASK,drv\include\drv_trc.h,dcl_common.obj,peripheral.lib
MOD_TP_TASK,drv\include\drv_trc.h,dcl_eint.obj,peripheral.lib
MOD_TP_TASK,drv\include\drv_trc.h,dcl_gpt.obj,peripheral.lib
MOD_TP_TASK,drv\include\drv_trc.h,dcl_memory_card.obj,mc.lib
MOD_TP_TASK,drv\include\drv_trc.h,dclh_kbd.obj,peripheral.lib
MOD_TP_TASK,drv\include\drv_trc.h,dcls_kbd.obj,peripheral.lib
MOD_TP_TASK,drv\include\drv_trc.h,display_io.obj,drv_display.lib
MOD_TP_TASK,drv\include\drv_trc.h,flatten_api_6260.obj,drv_display.lib
MOD_TP_TASK,drv\include\drv_trc.h,kbdmain.obj,peripheral.lib
MOD_TP_TASK,drv\include\drv_trc.h,lcd_exception_api_6260.obj,drv_display.lib
MOD_TP_TASK,drv\include\drv_trc.h,msdc.obj,mc.lib
MOD_TP_TASK,drv\include\drv_trc.h,msdc2.obj,mc.lib
MOD_TP_TASK,drv\include\drv_trc.h,pfc.obj,peripheral.lib
MOD_TP_TASK,drv\include\drv_trc.h,rtc.obj,bootloader_ext.lib
MOD_TP_TASK,drv\include\drv_trc.h,rtc.obj,peripheral.lib
MOD_TP_TASK,drv\include\drv_trc.h,sd.obj,mc.lib
MOD_TP_TASK,drv\include\drv_trc.h,sd2.obj,mc.lib
MOD_TP_TASK,drv\include\drv_trc.h,sd_drv.obj,mc.lib
MOD_TP_TASK,drv\include\drv_trc.h,sd_drv2.obj,mc.lib
MOD_TP_TASK,drv\include\drv_trc.h,sdio_drv.obj,mc.lib
MOD_TP_TASK,drv\include\drv_trc.h,sw_keypad.obj,peripheral.lib
MOD_TP_TASK,drv\include\drv_trc.h,uart.obj,peripheral.lib
MOD_TP_TASK,drv\include\drv_trc.h,uart_vfifo.obj,peripheral.lib
MOD_TP_TASK,drv\include\drv_trc.h,wfc_autonomous.obj,drv_display.lib
MOD_TP_TASK,drv\include\drv_trc.h,wfcapi.obj,drv_display.lib
MOD_TP_TASK,drv\include\drv_trc.h,wfd_lcd_common.obj,drv_display.lib
MOD_FS,fs\common\include\fs_trc.h,fs_func.obj,fs.lib
MOD_FS,fs\common\include\fs_trc.h,fs_func_adv.obj,fs.lib
MOD_FS,fs\common\include\fs_trc.h,fs_func_async.obj,fs.lib
MOD_FS,fs\common\include\fs_trc.h,fs_internal.obj,fs.lib
MOD_FS,fs\common\include\fs_trc.h,fs_kal.obj,fs.lib
MOD_FS,fs\common\include\fs_trc.h,fs_sst.obj,fs.lib
MOD_FS,fs\common\include\fs_trc.h,fs_task.obj,fs.lib
MOD_FS,fs\common\include\fs_trc.h,fs_utility.obj,fs.lib
MOD_FS,fs\common\include\fs_trc.h,fsal.obj,fs.lib
MOD_FS,fs\common\include\fs_trc.h,fsal_buffer.obj,fs.lib
MOD_FS,fs\common\include\fs_trc.h,rtfbuf.obj,fs.lib
MOD_FS,fs\common\include\fs_trc.h,rtfcore.obj,fs.lib
MOD_FS,fs\common\include\fs_trc.h,rtfiles.obj,fs.lib
MOD_GPS,gps\inc\gps_trc.h,gps_init.obj,gps.lib
MOD_GPS,gps\inc\gps_trc.h,gps_inject_msg.obj,gps.lib
MOD_GPS,gps\inc\gps_trc.h,gps_main.obj,gps.lib
MOD_GPS,gps\inc\gps_trc.h,gps_modem.obj,gps.lib
MOD_GPS,gps\inc\gps_trc.h,gps_sm.obj,gps.lib
MOD_GPS,gps\inc\gps_trc.h,gps_uart.obj,gps.lib
MOD_GPS,gps\inc\gps_trc.h,gps_uart_hdlr.obj,gps_sec.lib
MOD_GPS,gps\inc\gps_trc.h,wepodownload.obj,gps_sec.lib
MOD_GPSADAPTOR,gps\inc\gps_trc.h,gps_init.obj,gps.lib
MOD_GPSADAPTOR,gps\inc\gps_trc.h,gps_inject_msg.obj,gps.lib
MOD_GPSADAPTOR,gps\inc\gps_trc.h,gps_main.obj,gps.lib
MOD_GPSADAPTOR,gps\inc\gps_trc.h,gps_modem.obj,gps.lib
MOD_GPSADAPTOR,gps\inc\gps_trc.h,gps_sm.obj,gps.lib
MOD_GPSADAPTOR,gps\inc\gps_trc.h,gps_uart.obj,gps.lib
MOD_GPSADAPTOR,gps\inc\gps_trc.h,gps_uart_hdlr.obj,gps_sec.lib
MOD_GPSADAPTOR,gps\inc\gps_trc.h,wepodownload.obj,gps_sec.lib
MOD_L1AUDIO_SPH_SRV,hal\audio\src\v1\inc\l1audio_sph_trc.h,l1audio_sph_srv.obj,audio.lib
MOD_L1SP,hal\audio\src\v1\inc\l1sp_trc.h,afe_6261.obj,audio.lib
MOD_L1SP,hal\audio\src\v1\inc\l1sp_trc.h,afe_common.obj,audio.lib
MOD_L1SP,hal\audio\src\v1\inc\l1sp_trc.h,am.obj,audio.lib
MOD_L1SP,hal\audio\src\v1\inc\l1sp_trc.h,apm_comp.obj,audio.lib
MOD_L1SP,hal\audio\src\v1\inc\l1sp_trc.h,ast.obj,audio.lib
MOD_L1SP,hal\audio\src\v1\inc\l1sp_trc.h,audcomutil.obj,audio.lib
MOD_L1SP,hal\audio\src\v1\inc\l1sp_trc.h,audio_service.obj,audio.lib
MOD_L1SP,hal\audio\src\v1\inc\l1sp_trc.h,audiodrain.obj,audio.lib
MOD_L1SP,hal\audio\src\v1\inc\l1sp_trc.h,audiopp.obj,audio.lib
MOD_L1SP,hal\audio\src\v1\inc\l1sp_trc.h,audlp2_drv.obj,audio.lib
MOD_L1SP,hal\audio\src\v1\inc\l1sp_trc.h,bt_pcmloopback.obj,audio.lib
MOD_L1SP,hal\audio\src\v1\inc\l1sp_trc.h,bt_sco_app.obj,audio.lib
MOD_L1SP,hal\audio\src\v1\inc\l1sp_trc.h,bt_sco_drv.obj,audio.lib
MOD_L1SP,hal\audio\src\v1\inc\l1sp_trc.h,daf_comp_drv.obj,audio.lib
MOD_L1SP,hal\audio\src\v1\inc\l1sp_trc.h,daf_seek.obj,audio.lib
MOD_L1SP,hal\audio\src\v1\inc\l1sp_trc.h,dafdecoder.obj,audio.lib
MOD_L1SP,hal\audio\src\v1\inc\l1sp_trc.h,dafparser.obj,audio.lib
MOD_L1SP,hal\audio\src\v1\inc\l1sp_trc.h,ddload.obj,dsp_ram.lib
MOD_L1SP,hal\audio\src\v1\inc\l1sp_trc.h,dpmgr.obj,audio.lib
MOD_L1SP,hal\audio\src\v1\inc\l1sp_trc.h,dtmf_drv.obj,audio.lib
MOD_L1SP,hal\audio\src\v1\inc\l1sp_trc.h,kt_detect.obj,audio.lib
MOD_L1SP,hal\audio\src\v1\inc\l1sp_trc.h,medadapt.obj,audio.lib
MOD_L1SP,hal\audio\src\v1\inc\l1sp_trc.h,media.obj,audio.lib
MOD_L1SP,hal\audio\src\v1\inc\l1sp_trc.h,media_avsync.obj,audio.lib
MOD_L1SP,hal\audio\src\v1\inc\l1sp_trc.h,pcm.obj,audio.lib
MOD_L1SP,hal\audio\src\v1\inc\l1sp_trc.h,pcm_strm_drv.obj,audio.lib
MOD_L1SP,hal\audio\src\v1\inc\l1sp_trc.h,pcmmixer.obj,audio.lib
MOD_L1SP,hal\audio\src\v1\inc\l1sp_trc.h,pcmrouteservice.obj,audio.lib
MOD_L1SP,hal\audio\src\v1\inc\l1sp_trc.h,pcmroutesrc.obj,audio.lib
MOD_L1SP,hal\audio\src\v1\inc\l1sp_trc.h,pcmsink.obj,audio.lib
MOD_L1SP,hal\audio\src\v1\inc\l1sp_trc.h,seekengine.obj,audio.lib
MOD_L1SP,hal\audio\src\v1\inc\l1sp_trc.h,snd_effect.obj,audio.lib
MOD_L1SP,hal\audio\src\v1\inc\l1sp_trc.h,sp_drv.obj,audio.lib
MOD_L1SP,hal\audio\src\v1\inc\l1sp_trc.h,sp_enhance.obj,audio.lib
MOD_L1SP,hal\audio\src\v1\inc\l1sp_trc.h,spe_custom_drv.obj,audio.lib
MOD_L1SP,hal\audio\src\v1\inc\l1sp_trc.h,tone_debug.obj,audio.lib
MOD_L1SP,hal\audio\src\v1\inc\l1sp_trc.h,tone_drv.obj,audio.lib
MOD_L1SP,hal\audio\src\v1\inc\l1sp_trc.h,tone_loopback_rec.obj,audio.lib
MOD_L1SP,hal\audio\src\v1\inc\l1sp_trc.h,tonedect.obj,audio.lib
MOD_L1SP,hal\audio\src\v1\inc\l1sp_trc.h,wav.obj,audio.lib
MOD_L1SP,hal\audio\src\v1\inc\l1sp_trc.h,wav_comp_drv.obj,audio.lib
MOD_L1SP,hal\audio\src\v1\inc\l1sp_trc.h,wav_thumb.obj,audio.lib
MOD_L1SP,hal\audio\src\v1\inc\l1sp_trc.h,wavdecoder.obj,audio.lib
MOD_L1SP,hal\audio\src\v1\inc\l1sp_trc.h,wavparser.obj,audio.lib
MOD_BMT,hal\peripheral\inc\bmt_trc.h,adc_msg_handle.obj,peripheral.lib
MOD_BMT,hal\peripheral\inc\bmt_trc.h,adcmeasure.obj,peripheral.lib
MOD_BMT,hal\peripheral\inc\bmt_trc.h,adcsche.obj,peripheral.lib
MOD_BMT,hal\peripheral\inc\bmt_trc.h,bmt_bl_chr_setting.obj,bootloader_ext.lib
MOD_BMT,hal\peripheral\inc\bmt_trc.h,bmt_internal_chr_setting.obj,bmt.lib
MOD_BMT,hal\peripheral\inc\bmt_trc.h,bmt_linear_li.obj,bmt.lib
MOD_BMT,hal\peripheral\inc\bmt_trc.h,bmt_sw_chip_setting.obj,bmt.lib
MOD_BMT,hal\peripheral\inc\bmt_trc.h,bmt_task_main.obj,bmt.lib
MOD_BMT,hal\peripheral\inc\bmt_trc.h,bmt_timer_control.obj,bmt.lib
MOD_BMT,hal\peripheral\inc\bmt_trc.h,bmt_utility.obj,bmt.lib
MOD_BMT,hal\peripheral\inc\bmt_trc.h,dcl_chr_det.obj,peripheral.lib
MOD_SYSTEM,hal\system\init\inc\system_trc.h,cache.obj,bootloader.lib
MOD_SYSTEM,hal\system\init\inc\system_trc.h,cache.obj,bootloader_ext.lib
MOD_SYSTEM,hal\system\init\inc\system_trc.h,cache.obj,system.lib
MOD_SYSTEM,hal\system\init\inc\system_trc.h,dcl_pw.obj,peripheral.lib
MOD_SYSTEM,hal\system\init\inc\system_trc.h,dcm.obj,system.lib
MOD_SYSTEM,hal\system\init\inc\system_trc.h,drv_comm.obj,peripheral.lib
MOD_SYSTEM,hal\system\init\inc\system_trc.h,event_shed.obj,kal.lib
MOD_SYSTEM,hal\system\init\inc\system_trc.h,fault.obj,system.lib
MOD_SYSTEM,hal\system\init\inc\system_trc.h,fs_func.obj,fs.lib
MOD_SYSTEM,hal\system\init\inc\system_trc.h,fs_func_adv.obj,fs.lib
MOD_SYSTEM,hal\system\init\inc\system_trc.h,init.obj,system.lib
MOD_SYSTEM,hal\system\init\inc\system_trc.h,init_comm.obj,bootloader.lib
MOD_SYSTEM,hal\system\init\inc\system_trc.h,init_comm.obj,bootloader_ext.lib
MOD_SYSTEM,hal\system\init\inc\system_trc.h,init_comm.obj,system.lib
MOD_SYSTEM,hal\system\init\inc\system_trc.h,kal_adm.obj,kal.lib
MOD_SYSTEM,hal\system\init\inc\system_trc.h,kal_cpu_usage_profile.obj,kal.lib
MOD_SYSTEM,hal\system\init\inc\system_trc.h,kal_mem_mgr.obj,kal.lib
MOD_SYSTEM,hal\system\init\inc\system_trc.h,kal_nucleus_flmm.obj,kal.lib
MOD_SYSTEM,hal\system\init\inc\system_trc.h,kal_nucleus_itc.obj,kal.lib
MOD_SYSTEM,hal\system\init\inc\system_trc.h,kal_nucleus_slmm.obj,kal.lib
MOD_SYSTEM,hal\system\init\inc\system_trc.h,kal_task_lifecycle.obj,kal.lib
MOD_SYSTEM,hal\system\init\inc\system_trc.h,sleep.obj,system.lib
MOD_SYSTEM,hal\system\init\inc\system_trc.h,third_rom_int.obj,sys_int.lib
MOD_VFILE,hal\video\common\include\vcodec_v2_trc.h,mot_utility.obj,provider_sec.lib
MOD_VFILE,hal\video\common\include\vcodec_v2_trc.h,video_fluency_control.obj,fluency_sec.lib
MOD_VFILE,hal\video\common\include\vcodec_v2_trc.h,video_fluency_utility.obj,fluency.lib
MOD_VFILE,hal\video\common\include\vcodec_v2_trc.h,video_kmv_v2.obj,provider_sec.lib
MOD_VFILE,hal\video\common\include\vcodec_v2_trc.h,video_smooth_display.obj,fluency_sec.lib
MOD_VIDEO,hal\video\common\include\vcodec_v2_trc.h,mot_utility.obj,provider_sec.lib
MOD_VIDEO,hal\video\common\include\vcodec_v2_trc.h,video_fluency_control.obj,fluency_sec.lib
MOD_VIDEO,hal\video\common\include\vcodec_v2_trc.h,video_fluency_utility.obj,fluency.lib
MOD_VIDEO,hal\video\common\include\vcodec_v2_trc.h,video_kmv_v2.obj,provider_sec.lib
MOD_VIDEO,hal\video\common\include\vcodec_v2_trc.h,video_smooth_display.obj,fluency_sec.lib
MOD_ABM,inet_ps\abm\include\abm_trc.h,abm_api.obj,abm.lib
MOD_ABM,inet_ps\abm\include\abm_trc.h,abm_app_fsm.obj,abm.lib
MOD_ABM,inet_ps\abm\include\abm_trc.h,abm_bearer_fsm.obj,abm.lib
MOD_ABM,inet_ps\abm\include\abm_trc.h,abm_csd_msg.obj,abm.lib
MOD_ABM,inet_ps\abm\include\abm_trc.h,abm_ext_msg.obj,abm.lib
MOD_ABM,inet_ps\abm\include\abm_trc.h,abm_gprs_msg.obj,abm.lib
MOD_ABM,inet_ps\abm\include\abm_trc.h,abm_main.obj,abm.lib
MOD_ABM,inet_ps\abm\include\abm_trc.h,abm_timer.obj,abm.lib
MOD_ABM,inet_ps\abm\include\abm_trc.h,abm_util.obj,abm.lib
MOD_ABM,inet_ps\abm\include\abm_trc.h,abm_wifi_main.obj,abm_custom.lib
MOD_ABM,inet_ps\abm\include\abm_trc.h,abm_wifi_msg.obj,abm.lib
MOD_ABM,inet_ps\abm\include\abm_trc.h,app_parse_db.obj,codegen.lib
MOD_ABM,inet_ps\abm\include\abm_trc.h,cbm_api.obj,abm.lib
MOD_ABM,inet_ps\abm\include\abm_trc.h,mmi_main.obj,mmi.lib
MOD_ABM,inet_ps\abm\include\abm_trc.h,mthl.obj,mthl.lib
MOD_ABM,inet_ps\abm\include\abm_trc.h,soc_abm.obj,soc.lib
MOD_ABM,inet_ps\abm\include\abm_trc.h,soc_api.obj,soc.lib
MOD_ABM,inet_ps\abm\include\abm_trc.h,soc_common.obj,soc.lib
MOD_ABM,inet_ps\abm\include\abm_trc.h,soc_dns.obj,soc.lib
MOD_ABM,inet_ps\abm\include\abm_trc.h,soc_flc.obj,soc.lib
MOD_ABM,inet_ps\abm\include\abm_trc.h,soc_main.obj,soc.lib
MOD_DHCP,inet_ps\dhcp\include\dhcp_trc.h,dhcp_create.obj,dhcp.lib
MOD_DHCP,inet_ps\dhcp\include\dhcp_trc.h,dhcp_main.obj,dhcp.lib
MOD_DHCP,inet_ps\dhcp\include\dhcp_trc.h,dhcp_pack.obj,dhcp.lib
MOD_DHCP,inet_ps\dhcp\include\dhcp_trc.h,dhcp_states.obj,dhcp.lib
MOD_DHCP,inet_ps\dhcp\include\dhcp_trc.h,dhcp_timer.obj,dhcp.lib
MOD_DHCP,inet_ps\dhcp\include\dhcp_trc.h,dhcp_unpack.obj,dhcp.lib
MOD_DHCP,inet_ps\dhcp\include\dhcp_trc.h,dhcp_utils.obj,dhcp.lib
MOD_NTPD,inet_ps\ntpd\include\ntpd_trc.h,ntpd_hld.obj,ntpd.lib
MOD_NTPD,inet_ps\ntpd\include\ntpd_trc.h,ntpd_mem.obj,ntpd.lib
MOD_SOC,inet_ps\soc\include\soc_trc.h,soc_abm.obj,soc.lib
MOD_SOC,inet_ps\soc\include\soc_trc.h,soc_api.obj,soc.lib
MOD_SOC,inet_ps\soc\include\soc_trc.h,soc_app.obj,soc.lib
MOD_SOC,inet_ps\soc\include\soc_trc.h,soc_common.obj,soc.lib
MOD_SOC,inet_ps\soc\include\soc_trc.h,soc_create.obj,soc.lib
MOD_SOC,inet_ps\soc\include\soc_trc.h,soc_dns.obj,soc.lib
MOD_SOC,inet_ps\soc\include\soc_trc.h,soc_feature.obj,soc.lib
MOD_SOC,inet_ps\soc\include\soc_trc.h,soc_flc.obj,soc.lib
MOD_SOC,inet_ps\soc\include\soc_trc.h,soc_main.obj,soc.lib
MOD_SOC,inet_ps\soc\include\soc_trc.h,soc_sms.obj,soc.lib
MOD_SOC,inet_ps\soc\include\soc_trc.h,soc_tcpip.obj,soc.lib
MOD_SOC,inet_ps\soc\include\soc_trc.h,soc_timer.obj,soc.lib
MOD_TCPIP,inet_ps\tcpip\include\tcpip_trc.h,arp.obj,tcpip_wifi.lib
MOD_TCPIP,inet_ps\tcpip\include\tcpip_trc.h,if.obj,tcpip.lib
MOD_TCPIP,inet_ps\tcpip\include\tcpip_trc.h,in.obj,tcpip.lib
MOD_TCPIP,inet_ps\tcpip\include\tcpip_trc.h,in_pcb.obj,tcpip.lib
MOD_TCPIP,inet_ps\tcpip\include\tcpip_trc.h,ip_icmp.obj,tcpip.lib
MOD_TCPIP,inet_ps\tcpip\include\tcpip_trc.h,ip_input.obj,tcpip.lib
MOD_TCPIP,inet_ps\tcpip\include\tcpip_trc.h,ip_output.obj,tcpip.lib
MOD_TCPIP,inet_ps\tcpip\include\tcpip_trc.h,mbuf.obj,tcpip.lib
MOD_TCPIP,inet_ps\tcpip\include\tcpip_trc.h,raw_ip.obj,tcpip.lib
MOD_TCPIP,inet_ps\tcpip\include\tcpip_trc.h,tcp_input.obj,tcpip.lib
MOD_TCPIP,inet_ps\tcpip\include\tcpip_trc.h,tcp_output.obj,tcpip.lib
MOD_TCPIP,inet_ps\tcpip\include\tcpip_trc.h,tcp_subr.obj,tcpip.lib
MOD_TCPIP,inet_ps\tcpip\include\tcpip_trc.h,tcp_timer.obj,tcpip.lib
MOD_TCPIP,inet_ps\tcpip\include\tcpip_trc.h,tcp_usrreq.obj,tcpip.lib
MOD_TCPIP,inet_ps\tcpip\include\tcpip_trc.h,tcpip_create.obj,tcpip.lib
MOD_TCPIP,inet_ps\tcpip\include\tcpip_trc.h,tcpip_main.obj,tcpip.lib
MOD_TCPIP,inet_ps\tcpip\include\tcpip_trc.h,udp.obj,tcpip.lib
MOD_EVENT_INFO,interface\event_info\event_info_trc.h,csmcc_aux_msg_hdlr.obj,l4_classb.lib
MOD_EVENT_INFO,interface\event_info\event_info_trc.h,csrr_ded_access.obj,rr_classb2.lib
MOD_EVENT_INFO,interface\event_info\event_info_trc.h,csrr_recv_mpal_mesgs.obj,rr_classb2.lib
MOD_EVENT_INFO,interface\event_info\event_info_trc.h,csrr_send_int_msg.obj,rr_classb2.lib
MOD_EVENT_INFO,interface\event_info\event_info_trc.h,l4c_cc_msg.obj,l4_classb.lib
MOD_EVENT_INFO,interface\event_info\event_info_trc.h,l4c_ciss_msg.obj,l4_classb.lib
MOD_EVENT_INFO,interface\event_info\event_info_trc.h,l4c_gps_msg.obj,l4_classb.lib
MOD_EVENT_INFO,interface\event_info\event_info_trc.h,l4c_nw_msg.obj,l4_classb.lib
MOD_EVENT_INFO,interface\event_info\event_info_trc.h,l4c_sendmsg.obj,l4_classb.lib
MOD_EVENT_INFO,interface\event_info\event_info_trc.h,lapdm_frame_funcs.obj,rr_classb2.lib
MOD_EVENT_INFO,interface\event_info\event_info_trc.h,llc_lletx.obj,llc.lib
MOD_EVENT_INFO,interface\event_info\event_info_trc.h,llc_llme.obj,llc.lib
MOD_EVENT_INFO,interface\event_info\event_info_trc.h,mac_timer_hdlr.obj,rr_classb2.lib
MOD_EVENT_INFO,interface\event_info\event_info_trc.h,mac_ul_dl_ctrl_hdlr.obj,rr_classb2.lib
MOD_EVENT_INFO,interface\event_info\event_info_trc.h,mm_ctrl_detach.obj,mm_classb2.lib
MOD_EVENT_INFO,interface\event_info\event_info_trc.h,ppp_ipcp.obj,ppp.lib
MOD_EVENT_INFO,interface\event_info\event_info_trc.h,rac2_hdlrs.obj,l4_classb.lib
MOD_EVENT_INFO,interface\event_info\event_info_trc.h,rcs_cell.obj,rr_classb2.lib
MOD_EVENT_INFO,interface\event_info\event_info_trc.h,rmc_cell_resel.obj,rr_classb2.lib
MOD_EVENT_INFO,interface\event_info\event_info_trc.h,rmc_dedicated_meas.obj,rr_classb2.lib
MOD_EVENT_INFO,interface\event_info\event_info_trc.h,rmc_gprs_cell_resel.obj,rr_classb2.lib
MOD_EVENT_INFO,interface\event_info\event_info_trc.h,rmc_gprs_si13_decode.obj,rr_classb2.lib
MOD_EVENT_INFO,interface\event_info\event_info_trc.h,rmc_serv_nbr_meas.obj,rr_classb2.lib
MOD_EVENT_INFO,interface\event_info\event_info_trc.h,rmpc_gprs_branch_funcs.obj,rr_classb2.lib
MOD_EVENT_INFO,interface\event_info\event_info_trc.h,rrm_send_msgs.obj,rr_classb2.lib
MOD_EVENT_INFO,interface\event_info\event_info_trc.h,si_msg_decode.obj,rr_classb2.lib
MOD_EVENT_INFO,interface\event_info\event_info_trc.h,sm_activation.obj,sm.lib
MOD_EVENT_INFO,interface\event_info\event_info_trc.h,sm_common.obj,sm.lib
MOD_EVENT_INFO,interface\event_info\event_info_trc.h,sm_deactivation.obj,sm.lib
MOD_EVENT_INFO,interface\event_info\event_info_trc.h,sm_peer.obj,sm.lib
MOD_EVENT_INFO,interface\event_info\event_info_trc.h,sm_test_code.obj,sm.lib
MOD_EVENT_INFO,interface\event_info\event_info_trc.h,sms_tl_dl_funcs.obj,sms.lib
MOD_EVENT_INFO,interface\event_info\event_info_trc.h,sms_tl_ul_funcs.obj,sms.lib
MOD_EVENT_INFO,interface\event_info\event_info_trc.h,snd_sapi.obj,sndcp.lib
MOD_EVENT_INFO,interface\event_info\event_info_trc.h,snd_xid.obj,sndcp.lib
MOD_L1,l1_dm\common\l1a_trace.h,m11100.obj,l1_classb_g2.lib
MOD_L1,l1_dm\common\l1a_trace.h,m11100_2.obj,l1_classb_g2.lib
MOD_L1,l1_dm\common\l1a_trace.h,m11101.obj,l1_classb_g2.lib
MOD_L1,l1_dm\common\l1a_trace.h,m11110.obj,l1_classb_g2.lib
MOD_L1,l1_dm\common\l1a_trace.h,m11111.obj,l1_classb_g2.lib
MOD_L1,l1_dm\common\l1a_trace.h,m11112.obj,l1_classb_g2.lib
MOD_L1,l1_dm\common\l1a_trace.h,m11113.obj,l1_classb_g2.lib
MOD_L1,l1_dm\common\l1a_trace.h,m11120.obj,l1_classb_g2.lib
MOD_L1,l1_dm\common\l1a_trace.h,m11121.obj,l1_classb_g2.lib
MOD_L1,l1_dm\common\l1a_trace.h,m11122.obj,l1_classb_g2.lib
MOD_L1,l1_dm\common\l1a_trace.h,m11123.obj,l1_classb_g2.lib
MOD_L1,l1_dm\common\l1a_trace.h,m11124.obj,l1_classb_g2.lib
MOD_L1,l1_dm\common\l1a_trace.h,m11125.obj,l1_classb_g2.lib
MOD_L1,l1_dm\common\l1a_trace.h,m11126.obj,l1_classb_g2.lib
MOD_L1,l1_dm\common\l1a_trace.h,m11127.obj,l1_classb_g2.lib
MOD_L1,l1_dm\common\l1a_trace.h,m11128.obj,l1_classb_g2.lib
MOD_L1,l1_dm\common\l1a_trace.h,m11129.obj,l1_classb_g2.lib
MOD_L1,l1_dm\common\l1a_trace.h,m11141.obj,l1_classb_g2.lib
MOD_L1,l1_dm\common\l1a_trace.h,m11160.obj,l1_classb_g2.lib
MOD_L1,l1_dm\common\l1a_trace.h,m11163.obj,l1_classb_g2.lib
MOD_L1,l1_dm\common\l1a_trace.h,m11174.obj,l1_classb_g2.lib
MOD_L1,l1_dm\common\l1a_trace.h,m11175.obj,l1_classb_g2.lib
MOD_L1,l1_dm\common\l1a_trace.h,m11176.obj,l1_classb_g2.lib
MOD_L1,l1_dm\common\l1a_trace.h,m11177.obj,l1_classb_g2.lib
MOD_L1,l1_dm\common\l1a_trace.h,m11178.obj,l1_classb_g2.lib
MOD_L1,l1_dm\common\l1a_trace.h,m11179.obj,l1_classb_g2.lib
MOD_L1,l1_dm\common\l1a_trace.h,m11180.obj,l1_classb_g2.lib
MOD_L1,l1_dm\common\l1a_trace.h,m11182.obj,l1_classb_g2.lib
MOD_L1,l1_dm\common\l1a_trace.h,m11192.obj,l1_classb_g2.lib
MOD_L1,l1_dm\common\l1a_trace.h,m11194.obj,l1_classb_g2.lib
MOD_MED,media\common\include\med_trc.h,ape_parser.obj,media.lib
MOD_MED,media\common\include\med_trc.h,aud_api.obj,media.lib
MOD_MED,media\common\include\med_trc.h,aud_audio.obj,media.lib
MOD_MED,media\common\include\med_trc.h,aud_bt_a2dp.obj,media.lib
MOD_MED,media\common\include\med_trc.h,aud_build_cache.obj,media.lib
MOD_MED,media\common\include\med_trc.h,aud_fmradio.obj,media.lib
MOD_MED,media\common\include\med_trc.h,aud_keytone.obj,media.lib
MOD_MED,media\common\include\med_trc.h,aud_main.obj,media.lib
MOD_MED,media\common\include\med_trc.h,aud_media.obj,media.lib
MOD_MED,media\common\include\med_trc.h,aud_melody.obj,media.lib
MOD_MED,media\common\include\med_trc.h,aud_mma.obj,media.lib
MOD_MED,media\common\include\med_trc.h,aud_player_media.obj,media.lib
MOD_MED,media\common\include\med_trc.h,aud_player_mma.obj,media.lib
MOD_MED,media\common\include\med_trc.h,aud_player_mpl.obj,media.lib
MOD_MED,media\common\include\med_trc.h,aud_post_process.obj,media.lib
MOD_MED,media\common\include\med_trc.h,aud_record.obj,media.lib
MOD_MED,media\common\include\med_trc.h,aud_recorder_media.obj,media.lib
MOD_MED,media\common\include\med_trc.h,aud_snd.obj,media.lib
MOD_MED,media\common\include\med_trc.h,aud_speech.obj,media.lib
MOD_MED,media\common\include\med_trc.h,aud_tone.obj,media.lib
MOD_MED,media\common\include\med_trc.h,aud_utility.obj,media.lib
MOD_MED,media\common\include\med_trc.h,h264_encoder_component_v2.obj,video_codec_sec.lib
MOD_MED,media\common\include\med_trc.h,id3_v1_parser.obj,media.lib
MOD_MED,media\common\include\med_trc.h,id3_v2_parser.obj,media.lib
MOD_MED,media\common\include\med_trc.h,img_api.obj,media.lib
MOD_MED,media\common\include\med_trc.h,img_main.obj,media.lib
MOD_MED,media\common\include\med_trc.h,lyrics_parser.obj,media.lib
MOD_MED,media\common\include\med_trc.h,med_ext_smalloc.obj,media.lib
MOD_MED,media\common\include\med_trc.h,med_utility.obj,media.lib
MOD_MED,media\common\include\med_trc.h,med_v_main.obj,media.lib
MOD_MED,media\common\include\med_trc.h,meta_tag_api.obj,media.lib
MOD_MED,media\common\include\med_trc.h,vid_api.obj,media.lib
MOD_MED,media\common\include\med_trc.h,vid_ilm.obj,media.lib
MOD_MED,media\common\include\med_trc.h,vid_msg_handler.obj,media.lib
MOD_MED,media\common\include\med_trc.h,vid_recorder_msg_handler.obj,media.lib
MOD_MED,media\common\include\med_trc.h,webcam_api.obj,media.lib
MOD_MED,media\common\include\med_trc.h,webcam_main.obj,media.lib
MOD_MED,media\common\include\med_trc.h,webcam_msg_handler.obj,media.lib
MOD_NVRAM,nvram\include\nvram_trc.h,nvram_drval_fat.obj,nvram.lib
MOD_NVRAM,nvram\include\nvram_trc.h,nvram_ex_io.obj,nvram.lib
MOD_NVRAM,nvram\include\nvram_trc.h,nvram_handler_read.obj,nvram.lib
MOD_NVRAM,nvram\include\nvram_trc.h,nvram_handler_reset.obj,nvram.lib
MOD_NVRAM,nvram\include\nvram_trc.h,nvram_handler_startup.obj,nvram.lib
MOD_NVRAM,nvram\include\nvram_trc.h,nvram_handler_write.obj,nvram.lib
MOD_NVRAM,nvram\include\nvram_trc.h,nvram_interface.obj,nvram.lib
MOD_NVRAM,nvram\include\nvram_trc.h,nvram_io.obj,nvram.lib
MOD_NVRAM,nvram\include\nvram_trc.h,nvram_l1def.obj,nvram.lib
MOD_NVRAM,nvram\include\nvram_trc.h,nvram_ltable.obj,nvram.lib
MOD_NVRAM,nvram\include\nvram_trc.h,nvram_main.obj,nvram.lib
MOD_NVRAM,nvram\include\nvram_trc.h,nvram_msg_handler.obj,nvram.lib
MOD_NVRAM,nvram\include\nvram_trc.h,nvram_multi_folder.obj,nvram.lib
MOD_NVRAM,nvram\include\nvram_trc.h,nvram_pseudo_merge.obj,nvram.lib
MOD_NVRAM,nvram\include\nvram_trc.h,nvram_sec.obj,nvram_sec.lib
MOD_NVRAM,nvram\include\nvram_trc.h,nvram_util.obj,nvram.lib
MOD_CC,ps\cc-ss\cc\include\cc_trc.h,cc_disc_proc.obj,cc.lib
MOD_CC,ps\cc-ss\cc\include\cc_trc.h,cc_dtmf_proc.obj,cc.lib
MOD_CC,ps\cc-ss\cc\include\cc_trc.h,cc_estab_proc.obj,cc.lib
MOD_CC,ps\cc-ss\cc\include\cc_trc.h,cc_facility_proc.obj,cc.lib
MOD_CC,ps\cc-ss\cc\include\cc_trc.h,cc_hold_proc.obj,cc.lib
MOD_CC,ps\cc-ss\cc\include\cc_trc.h,cc_main.obj,cc.lib
MOD_CC,ps\cc-ss\cc\include\cc_trc.h,cc_misc_proc.obj,cc.lib
MOD_CC,ps\cc-ss\cc\include\cc_trc.h,cc_modify_proc.obj,cc.lib
MOD_CC,ps\cc-ss\cc\include\cc_trc.h,cc_mpty_proc.obj,cc.lib
MOD_CC,ps\cc-ss\cc\include\cc_trc.h,cc_msg_form.obj,cc.lib
MOD_CC,ps\cc-ss\cc\include\cc_trc.h,cc_reestab_proc.obj,cc.lib
MOD_CC,ps\cc-ss\cc\include\cc_trc.h,cc_timer.obj,cc.lib
MOD_CC,ps\cc-ss\cc\include\cc_trc.h,cc_utility.obj,cc.lib
MOD_CC,ps\cc-ss\cc\include\cc_trc.h,cc_uus_proc.obj,cc.lib
MOD_CISS,ps\cc-ss\ss\include\ciss_trc.h,ciss_app_req_proc.obj,ciss.lib
MOD_CISS,ps\cc-ss\ss\include\ciss_trc.h,ciss_context.obj,ciss.lib
MOD_CISS,ps\cc-ss\ss\include\ciss_trc.h,ciss_create.obj,ciss.lib
MOD_CISS,ps\cc-ss\ss\include\ciss_trc.h,ciss_dataind_proc.obj,ciss.lib
MOD_CISS,ps\cc-ss\ss\include\ciss_trc.h,ciss_deinit.obj,ciss.lib
MOD_CISS,ps\cc-ss\ss\include\ciss_trc.h,ciss_facility_proc.obj,ciss.lib
MOD_CISS,ps\cc-ss\ss\include\ciss_trc.h,ciss_init.obj,ciss.lib
MOD_CISS,ps\cc-ss\ss\include\ciss_trc.h,ciss_main.obj,ciss.lib
MOD_CISS,ps\cc-ss\ss\include\ciss_trc.h,ciss_protocol_ie_err_hdlr.obj,ciss.lib
MOD_CISS,ps\cc-ss\ss\include\ciss_trc.h,ciss_timer.obj,ciss.lib
MOD_CISS,ps\cc-ss\ss\include\ciss_trc.h,ciss_utility.obj,ciss.lib
MOD_FLC,ps\flc2\include\flc_trc.h,flc2_callback.obj,flc2.lib
MOD_FLC,ps\flc2\include\flc_trc.h,flc2_debug_functions.obj,flc2.lib
MOD_FLC,ps\flc2\include\flc_trc.h,flc2_ent_functions.obj,flc2.lib
MOD_FLC,ps\flc2\include\flc_trc.h,flc2_mem_mngr_adm_adp.obj,flc2.lib
MOD_FLC,ps\flc2\include\flc_trc.h,flc2_mem_mngr_config.obj,flc2.lib
MOD_FLC,ps\flc2\include\flc_trc.h,flc2_mem_mngr_fix_size.obj,flc2.lib
MOD_FLC,ps\flc2\include\flc_trc.h,flc2_mem_mngr_init.obj,flc2.lib
MOD_CSM,ps\l4\csm\csm_trc.h,csmcc_atfunc.obj,l4_classb.lib
MOD_CSM,ps\l4\csm\csm_trc.h,csmcc_aux_msg_hdlr.obj,l4_classb.lib
MOD_CSM,ps\l4\csm\csm_trc.h,csmcc_bc_func.obj,l4_classb.lib
MOD_CSM,ps\l4\csm\csm_trc.h,csmcc_crss_proc.obj,l4_classb.lib
MOD_CSM,ps\l4\csm\csm_trc.h,csmcc_facility_proc.obj,l4_classb.lib
MOD_CSM,ps\l4\csm\csm_trc.h,csmcc_init.obj,l4_classb.lib
MOD_CSM,ps\l4\csm\csm_trc.h,csmcc_msg_hdlr.obj,l4_classb.lib
MOD_CSM,ps\l4\csm\csm_trc.h,csmcc_utility.obj,l4_classb.lib
MOD_CSM,ps\l4\csm\csm_trc.h,csmss_aux_msg_hdlr.obj,l4_classb.lib
MOD_CSM,ps\l4\csm\csm_trc.h,csmss_msg_hdlr.obj,l4_classb.lib
MOD_CSM,ps\l4\csm\csm_trc.h,l4c_cc_cmd.obj,l4_classb.lib
MOD_CSM,ps\l4\csm\csm_trc.h,l4c_cc_msg.obj,l4_classb.lib
MOD_CSM,ps\l4\csm\csm_trc.h,l4c_data_cmd.obj,l4_classb.lib
MOD_CSM,ps\l4\csm\csm_trc.h,l4c_init.obj,l4_classb.lib
MOD_CSM,ps\l4\csm\csm_trc.h,l4c_main.obj,l4_classb.lib
MOD_CSM,ps\l4\csm\csm_trc.h,l4c_sendmsg.obj,l4_classb.lib
MOD_CSM,ps\l4\csm\csm_trc.h,l4c_ss_parse.obj,l4_classb.lib
MOD_CSM,ps\l4\csm\csm_trc.h,l4c_utility.obj,l4_classb.lib
MOD_CSM,ps\l4\csm\csm_trc.h,lmmi_ind.obj,custom.lib
MOD_CSM,ps\l4\csm\csm_trc.h,rmmi_basic_val.obj,l4_classb.lib
MOD_CSM,ps\l4\csm\csm_trc.h,rmmi_rsp.obj,l4_classb.lib
MOD_CSM,ps\l4\csm\csm_trc.h,rmmi_validator_cc.obj,l4_classb.lib
MOD_CSM,ps\l4\csm\csm_trc.h,rmmi_validator_data.obj,l4_classb.lib
MOD_ATCI,ps\l4\include\atci_trc.h,l4c_gprs_msg.obj,l4_classb.lib
MOD_ATCI,ps\l4\include\atci_trc.h,rmmi_analyzer.obj,l4_classb.lib
MOD_ATCI,ps\l4\include\atci_trc.h,rmmi_basic_val.obj,l4_classb.lib
MOD_ATCI,ps\l4\include\atci_trc.h,rmmi_ind.obj,l4_classb.lib
MOD_ATCI,ps\l4\include\atci_trc.h,rmmi_init.obj,l4_classb.lib
MOD_ATCI,ps\l4\include\atci_trc.h,rmmi_main.obj,l4_classb.lib
MOD_ATCI,ps\l4\include\atci_trc.h,rmmi_msghdlr.obj,l4_classb.lib
MOD_ATCI,ps\l4\include\atci_trc.h,rmmi_root.obj,l4_classb.lib
MOD_ATCI,ps\l4\include\atci_trc.h,rmmi_rsp.obj,l4_classb.lib
MOD_ATCI,ps\l4\include\atci_trc.h,rmmi_rspfmttr.obj,l4_classb.lib
MOD_ATCI,ps\l4\include\atci_trc.h,rmmi_sio.obj,l4_classb.lib
MOD_ATCI,ps\l4\include\atci_trc.h,rmmi_utility.obj,l4_classb.lib
MOD_ATCI,ps\l4\include\atci_trc.h,rmmi_validator.obj,l4_classb.lib
MOD_ATCI,ps\l4\include\atci_trc.h,rmmi_validator_bcm.obj,l4_classb.lib
MOD_ATCI,ps\l4\include\atci_trc.h,rmmi_validator_cc.obj,l4_classb.lib
MOD_ATCI,ps\l4\include\atci_trc.h,rmmi_validator_ciss.obj,l4_classb.lib
MOD_ATCI,ps\l4\include\atci_trc.h,rmmi_validator_data.obj,l4_classb.lib
MOD_ATCI,ps\l4\include\atci_trc.h,rmmi_validator_em.obj,l4_classb.lib
MOD_ATCI,ps\l4\include\atci_trc.h,rmmi_validator_eq.obj,l4_classb.lib
MOD_ATCI,ps\l4\include\atci_trc.h,rmmi_validator_gps.obj,l4_classb.lib
MOD_ATCI,ps\l4\include\atci_trc.h,rmmi_validator_nw.obj,l4_classb.lib
MOD_ATCI,ps\l4\include\atci_trc.h,rmmi_validator_phb.obj,l4_classb.lib
MOD_ATCI,ps\l4\include\atci_trc.h,rmmi_validator_phonesuite.obj,l4_classb.lib
MOD_ATCI,ps\l4\include\atci_trc.h,rmmi_validator_sim.obj,l4_classb.lib
MOD_ATCI,ps\l4\include\atci_trc.h,rmmi_validator_sms.obj,l4_classb.lib
MOD_ATCI,ps\l4\include\atci_trc.h,rmmi_validator_tcm.obj,l4_classb.lib
MOD_ATCI,ps\l4\include\atci_trc.h,rmmi_validator_tcpip.obj,l4_classb.lib
MOD_L4C,ps\l4\include\l4_trc.h,l4c_bcm_cmd.obj,l4_classb.lib
MOD_L4C,ps\l4\include\l4_trc.h,l4c_bcm_msg.obj,l4_classb.lib
MOD_L4C,ps\l4\include\l4_trc.h,l4c_cc_cmd.obj,l4_classb.lib
MOD_L4C,ps\l4\include\l4_trc.h,l4c_cc_msg.obj,l4_classb.lib
MOD_L4C,ps\l4\include\l4_trc.h,l4c_ciss_cmd.obj,l4_classb.lib
MOD_L4C,ps\l4\include\l4_trc.h,l4c_ciss_msg.obj,l4_classb.lib
MOD_L4C,ps\l4\include\l4_trc.h,l4c_data_cmd.obj,l4_classb.lib
MOD_L4C,ps\l4\include\l4_trc.h,l4c_dt_msg.obj,l4_classb.lib
MOD_L4C,ps\l4\include\l4_trc.h,l4c_em.obj,l4_classb.lib
MOD_L4C,ps\l4\include\l4_trc.h,l4c_eq_cmd.obj,l4_classb.lib
MOD_L4C,ps\l4\include\l4_trc.h,l4c_eq_msg.obj,l4_classb.lib
MOD_L4C,ps\l4\include\l4_trc.h,l4c_gprs_cmd.obj,l4_classb.lib
MOD_L4C,ps\l4\include\l4_trc.h,l4c_gprs_msg.obj,l4_classb.lib
MOD_L4C,ps\l4\include\l4_trc.h,l4c_gps_cmd.obj,l4_classb.lib
MOD_L4C,ps\l4\include\l4_trc.h,l4c_gps_msg.obj,l4_classb.lib
MOD_L4C,ps\l4\include\l4_trc.h,l4c_main.obj,l4_classb.lib
MOD_L4C,ps\l4\include\l4_trc.h,l4c_msghdlr.obj,l4_classb.lib
MOD_L4C,ps\l4\include\l4_trc.h,l4c_nw_cmd.obj,l4_classb.lib
MOD_L4C,ps\l4\include\l4_trc.h,l4c_nw_msg.obj,l4_classb.lib
MOD_L4C,ps\l4\include\l4_trc.h,l4c_phb_cmd.obj,l4_classb.lib
MOD_L4C,ps\l4\include\l4_trc.h,l4c_phb_msg.obj,l4_classb.lib
MOD_L4C,ps\l4\include\l4_trc.h,l4c_root.obj,l4_classb.lib
MOD_L4C,ps\l4\include\l4_trc.h,l4c_sat_msg.obj,l4_classb.lib
MOD_L4C,ps\l4\include\l4_trc.h,l4c_sendmsg.obj,l4_classb.lib
MOD_L4C,ps\l4\include\l4_trc.h,l4c_sim_cmd.obj,l4_classb.lib
MOD_L4C,ps\l4\include\l4_trc.h,l4c_sim_msg.obj,l4_classb.lib
MOD_L4C,ps\l4\include\l4_trc.h,l4c_sms_cmd.obj,l4_classb.lib
MOD_L4C,ps\l4\include\l4_trc.h,l4c_sms_msg.obj,l4_classb.lib
MOD_L4C,ps\l4\include\l4_trc.h,l4c_ss_parse.obj,l4_classb.lib
MOD_L4C,ps\l4\include\l4_trc.h,l4c_tcpip_cmd.obj,l4_classb.lib
MOD_L4C,ps\l4\include\l4_trc.h,l4c_tcpip_msg.obj,l4_classb.lib
MOD_L4C,ps\l4\include\l4_trc.h,l4c_tst.obj,l4_classb.lib
MOD_L4C,ps\l4\include\l4_trc.h,l4c_utility.obj,l4_classb.lib
MOD_L4C,ps\l4\include\l4_trc.h,lmmi_ind.obj,custom.lib
MOD_L4C,ps\l4\include\l4_trc.h,rmmi_analyzer.obj,l4_classb.lib
MOD_L4C,ps\l4\include\l4_trc.h,rmmi_basic_val.obj,l4_classb.lib
MOD_L4C,ps\l4\include\l4_trc.h,rmmi_ind.obj,l4_classb.lib
MOD_L4C,ps\l4\include\l4_trc.h,rmmi_init.obj,l4_classb.lib
MOD_L4C,ps\l4\include\l4_trc.h,rmmi_main.obj,l4_classb.lib
MOD_L4C,ps\l4\include\l4_trc.h,rmmi_msghdlr.obj,l4_classb.lib
MOD_L4C,ps\l4\include\l4_trc.h,rmmi_rsp.obj,l4_classb.lib
MOD_L4C,ps\l4\include\l4_trc.h,rmmi_rspfmttr.obj,l4_classb.lib
MOD_L4C,ps\l4\include\l4_trc.h,rmmi_utility.obj,l4_classb.lib
MOD_L4C,ps\l4\include\l4_trc.h,rmmi_validator.obj,l4_classb.lib
MOD_L4C,ps\l4\include\l4_trc.h,rmmi_validator_bcm.obj,l4_classb.lib
MOD_L4C,ps\l4\include\l4_trc.h,rmmi_validator_cc.obj,l4_classb.lib
MOD_L4C,ps\l4\include\l4_trc.h,rmmi_validator_ciss.obj,l4_classb.lib
MOD_L4C,ps\l4\include\l4_trc.h,rmmi_validator_data.obj,l4_classb.lib
MOD_L4C,ps\l4\include\l4_trc.h,rmmi_validator_em.obj,l4_classb.lib
MOD_L4C,ps\l4\include\l4_trc.h,rmmi_validator_eq.obj,l4_classb.lib
MOD_L4C,ps\l4\include\l4_trc.h,rmmi_validator_gps.obj,l4_classb.lib
MOD_L4C,ps\l4\include\l4_trc.h,rmmi_validator_nw.obj,l4_classb.lib
MOD_L4C,ps\l4\include\l4_trc.h,rmmi_validator_phb.obj,l4_classb.lib
MOD_L4C,ps\l4\include\l4_trc.h,rmmi_validator_phonesuite.obj,l4_classb.lib
MOD_L4C,ps\l4\include\l4_trc.h,rmmi_validator_sim.obj,l4_classb.lib
MOD_L4C,ps\l4\include\l4_trc.h,rmmi_validator_sms.obj,l4_classb.lib
MOD_L4C,ps\l4\include\l4_trc.h,rmmi_validator_tcm.obj,l4_classb.lib
MOD_L4C,ps\l4\include\l4_trc.h,rmmi_validator_tcpip.obj,l4_classb.lib
MOD_PHB,ps\l4\phb\include\phb_trc.h,phb_common.obj,l4misc.lib
MOD_PHB,ps\l4\phb\include\phb_trc.h,phb_control_block.obj,l4misc.lib
MOD_PHB,ps\l4\phb\include\phb_trc.h,phb_data_desc.obj,l4misc.lib
MOD_PHB,ps\l4\phb\include\phb_trc.h,phb_data_entry_table.obj,l4misc.lib
MOD_PHB,ps\l4\phb\include\phb_trc.h,phb_handler_approve.obj,l4misc.lib
MOD_PHB,ps\l4\phb\include\phb_trc.h,phb_handler_delete.obj,l4misc.lib
MOD_PHB,ps\l4\phb\include\phb_trc.h,phb_handler_delete_ln.obj,l4misc.lib
MOD_PHB,ps\l4\phb\include\phb_trc.h,phb_handler_read.obj,l4misc.lib
MOD_PHB,ps\l4\phb\include\phb_trc.h,phb_handler_read_ln.obj,l4misc.lib
MOD_PHB,ps\l4\phb\include\phb_trc.h,phb_handler_sat.obj,l4misc.lib
MOD_PHB,ps\l4\phb\include\phb_trc.h,phb_handler_search.obj,l4misc.lib
MOD_PHB,ps\l4\phb\include\phb_trc.h,phb_handler_startup.obj,l4misc.lib
MOD_PHB,ps\l4\phb\include\phb_trc.h,phb_handler_startup_ln.obj,l4misc.lib
MOD_PHB,ps\l4\phb\include\phb_trc.h,phb_handler_write.obj,l4misc.lib
MOD_PHB,ps\l4\phb\include\phb_trc.h,phb_handler_write_ln.obj,l4misc.lib
MOD_PHB,ps\l4\phb\include\phb_trc.h,phb_ilm.obj,l4misc.lib
MOD_PHB,ps\l4\phb\include\phb_trc.h,phb_main.obj,l4misc.lib
MOD_PHB,ps\l4\phb\include\phb_trc.h,phb_name_num_index.obj,l4misc.lib
MOD_PHB,ps\l4\phb\include\phb_trc.h,phb_nvram_access.obj,l4misc.lib
MOD_PHB,ps\l4\phb\include\phb_trc.h,phb_pindex.obj,l4misc.lib
MOD_PHB,ps\l4\phb\include\phb_trc.h,phb_sap.obj,l4misc.lib
MOD_PHB,ps\l4\phb\include\phb_trc.h,phb_se.obj,l4misc.lib
MOD_PHB,ps\l4\phb\include\phb_trc.h,phb_sim_access.obj,l4misc.lib
MOD_PHB,ps\l4\phb\include\phb_trc.h,phb_utils.obj,l4misc.lib
MOD_RAC,ps\l4\rac\include\rac_trc.h,rac2_funcs.obj,l4_classb.lib
MOD_RAC,ps\l4\rac\include\rac_trc.h,rac2_hdlrs.obj,l4_classb.lib
MOD_RAC,ps\l4\rac\include\rac_trc.h,rac2_main.obj,l4_classb.lib
MOD_RAC,ps\l4\rac\include\rac_trc.h,rac2_others.obj,l4_classb.lib
MOD_SMSAL,ps\l4\smsal\include\smsal_trc.h,smsal_cb.obj,l4_classb.lib
MOD_SMSAL,ps\l4\smsal\include\smsal_trc.h,smsal_init.obj,l4_classb.lib
MOD_SMSAL,ps\l4\smsal\include\smsal_trc.h,smsal_l4c_funcs.obj,l4_classb.lib
MOD_SMSAL,ps\l4\smsal\include\smsal_trc.h,smsal_l4c_msgs.obj,l4_classb.lib
MOD_SMSAL,ps\l4\smsal\include\smsal_trc.h,smsal_main.obj,l4_classb.lib
MOD_SMSAL,ps\l4\smsal\include\smsal_trc.h,smsal_msg_proc.obj,l4_classb.lib
MOD_SMSAL,ps\l4\smsal\include\smsal_trc.h,smsal_msgbox.obj,l4_classb.lib
MOD_SMSAL,ps\l4\smsal\include\smsal_trc.h,smsal_other_funcs.obj,l4_classb.lib
MOD_SMSAL,ps\l4\smsal\include\smsal_trc.h,smsal_sms.obj,l4_classb.lib
MOD_SMSAL,ps\l4\smsal\include\smsal_trc.h,smsal_storage.obj,l4_classb.lib
MOD_SMSAL,ps\l4\smsal\include\smsal_trc.h,smsal_timer.obj,l4_classb.lib
MOD_SMSAL,ps\l4\smsal\include\smsal_trc.h,smsal_transport_proc.obj,l4_classb.lib
MOD_SMSAL,ps\l4\smsal\include\smsal_trc.h,smsal_utils.obj,l4_classb.lib
MOD_SMU,ps\l4\smu\include\smu_trc.h,smu_handler.obj,l4_classb.lib
MOD_TCM,ps\l4\tcm\include\tcm_trc.h,l4c2tcm_func.obj,l4_classb.lib
MOD_TCM,ps\l4\tcm\include\tcm_trc.h,tcm_cntxt_data.obj,l4_classb.lib
MOD_TCM,ps\l4\tcm\include\tcm_trc.h,tcm_cntxt_data_aux.obj,l4_classb.lib
MOD_TCM,ps\l4\tcm\include\tcm_trc.h,tcm_cntxt_data_checks.obj,l4_classb.lib
MOD_TCM,ps\l4\tcm\include\tcm_trc.h,tcm_common.obj,l4_classb.lib
MOD_TCM,ps\l4\tcm\include\tcm_trc.h,tcm_main.obj,l4_classb.lib
MOD_TCM,ps\l4\tcm\include\tcm_trc.h,tcm_timer.obj,l4_classb.lib
MOD_UEM,ps\l4\uem\include\uem_trc.h,custom_uem.obj,custom.lib
MOD_UEM,ps\l4\uem\include\uem_trc.h,uem_at_cmd.obj,l4misc.lib
MOD_UEM,ps\l4\uem\include\uem_trc.h,uem_gpio_ctrl.obj,l4misc.lib
MOD_UEM,ps\l4\uem\include\uem_trc.h,uem_msg_hdlr.obj,l4misc.lib
MOD_UEM,ps\l4\uem\include\uem_trc.h,uem_proc_cmd.obj,l4misc.lib
MOD_UEM,ps\l4\uem\include\uem_trc.h,uem_proc_msg.obj,l4misc.lib
MOD_UEM,ps\l4\uem\include\uem_trc.h,uem_utility.obj,l4misc.lib
MOD_LLC,ps\llc\include\llc_trc.h,cipher_api.obj,llc.lib
MOD_LLC,ps\llc\include\llc_trc.h,llc_abm.obj,llc.lib
MOD_LLC,ps\llc\include\llc_trc.h,llc_abm_sapi.obj,llc.lib
MOD_LLC,ps\llc\include\llc_trc.h,llc_arq.obj,llc.lib
MOD_LLC,ps\llc\include\llc_trc.h,llc_arqrx.obj,llc.lib
MOD_LLC,ps\llc\include\llc_trc.h,llc_arqtx.obj,llc.lib
MOD_LLC,ps\llc\include\llc_trc.h,llc_cipherrsp.obj,llc.lib
MOD_LLC,ps\llc\include\llc_trc.h,llc_config.obj,llc.lib
MOD_LLC,ps\llc\include\llc_trc.h,llc_construct.obj,llc.lib
MOD_LLC,ps\llc\include\llc_trc.h,llc_deinit.obj,llc.lib
MOD_LLC,ps\llc\include\llc_trc.h,llc_lcdiplqueue.obj,llc.lib
MOD_LLC,ps\llc\include\llc_trc.h,llc_llerx.obj,llc.lib
MOD_LLC,ps\llc\include\llc_trc.h,llc_lletx.obj,llc.lib
MOD_LLC,ps\llc\include\llc_trc.h,llc_llme.obj,llc.lib
MOD_LLC,ps\llc\include\llc_trc.h,llc_main.obj,llc.lib
MOD_LLC,ps\llc\include\llc_trc.h,llc_mux.obj,llc.lib
MOD_LLC,ps\llc\include\llc_trc.h,llc_other_funcs.obj,llc.lib
MOD_LLC,ps\llc\include\llc_trc.h,llc_reset.obj,llc.lib
MOD_LLC,ps\llc\include\llc_trc.h,llc_timer.obj,llc.lib
MOD_LLC,ps\llc\include\llc_trc.h,llc_unackmode.obj,llc.lib
MOD_LLC,ps\llc\include\llc_trc.h,llc_xid.obj,llc.lib
MOD_MM,ps\mm2\common\include\mm_trc.h,mm_common_construct_msgs.obj,mm_classb2.lib
MOD_MM,ps\mm2\common\include\mm_trc.h,mm_common_funcs.obj,mm_classb2.lib
MOD_MM,ps\mm2\common\include\mm_trc.h,mm_cs_common_proc.obj,mm_classb2.lib
MOD_MM,ps\mm2\common\include\mm_trc.h,mm_cs_conn_mgmt.obj,mm_classb2.lib
MOD_MM,ps\mm2\common\include\mm_trc.h,mm_cs_detach.obj,mm_classb2.lib
MOD_MM,ps\mm2\common\include\mm_trc.h,mm_cs_loc_update.obj,mm_classb2.lib
MOD_MM,ps\mm2\common\include\mm_trc.h,mm_cs_mocall.obj,mm_classb2.lib
MOD_MM,ps\mm2\common\include\mm_trc.h,mm_cs_mtcall.obj,mm_classb2.lib
MOD_MM,ps\mm2\common\include\mm_trc.h,mm_cs_other.obj,mm_classb2.lib
MOD_MM,ps\mm2\common\include\mm_trc.h,mm_cs_pack.obj,mm_classb2.lib
MOD_MM,ps\mm2\common\include\mm_trc.h,mm_cs_peermsghdlr.obj,mm_classb2.lib
MOD_MM,ps\mm2\common\include\mm_trc.h,mm_cs_timer.obj,mm_classb2.lib
MOD_MM,ps\mm2\common\include\mm_trc.h,mm_cs_unpack.obj,mm_classb2.lib
MOD_MM,ps\mm2\common\include\mm_trc.h,mm_ctrl_attach.obj,mm_classb2.lib
MOD_MM,ps\mm2\common\include\mm_trc.h,mm_ctrl_auth.obj,mm_classb2.lib
MOD_MM,ps\mm2\common\include\mm_trc.h,mm_ctrl_cell_proc.obj,mm_classb2.lib
MOD_MM,ps\mm2\common\include\mm_trc.h,mm_ctrl_detach.obj,mm_classb2.lib
MOD_MM,ps\mm2\common\include\mm_trc.h,mm_ctrl_ilm_com.obj,mm_classb2.lib
MOD_MM,ps\mm2\common\include\mm_trc.h,mm_ctrl_ilm_cs.obj,mm_classb2.lib
MOD_MM,ps\mm2\common\include\mm_trc.h,mm_ctrl_ilm_ps.obj,mm_classb2.lib
MOD_MM,ps\mm2\common\include\mm_trc.h,mm_ctrl_main.obj,mm_classb2.lib
MOD_MM,ps\mm2\common\include\mm_trc.h,mm_ctrl_msgs.obj,mm_classb2.lib
MOD_MM,ps\mm2\common\include\mm_trc.h,mm_ctrl_peermsgs.obj,mm_classb2.lib
MOD_MM,ps\mm2\common\include\mm_trc.h,mm_ctrl_plmn_search.obj,mm_classb2.lib
MOD_MM,ps\mm2\common\include\mm_trc.h,mm_ctrl_routing.obj,mm_classb2.lib
MOD_MM,ps\mm2\common\include\mm_trc.h,mm_ctrl_timer.obj,mm_classb2.lib
MOD_MM,ps\mm2\common\include\mm_trc.h,mm_ps_attach.obj,mm_classb2.lib
MOD_MM,ps\mm2\common\include\mm_trc.h,mm_ps_attach_aux.obj,mm_classb2.lib
MOD_MM,ps\mm2\common\include\mm_trc.h,mm_ps_auth.obj,mm_classb2.lib
MOD_MM,ps\mm2\common\include\mm_trc.h,mm_ps_cause_handler.obj,mm_classb2.lib
MOD_MM,ps\mm2\common\include\mm_trc.h,mm_ps_common_proc.obj,mm_classb2.lib
MOD_MM,ps\mm2\common\include\mm_trc.h,mm_ps_conn.obj,mm_classb2.lib
MOD_MM,ps\mm2\common\include\mm_trc.h,mm_ps_detach.obj,mm_classb2.lib
MOD_MM,ps\mm2\common\include\mm_trc.h,mm_ps_other.obj,mm_classb2.lib
MOD_MM,ps\mm2\common\include\mm_trc.h,mm_ps_other_aux.obj,mm_classb2.lib
MOD_MM,ps\mm2\common\include\mm_trc.h,mm_ps_pack.obj,mm_classb2.lib
MOD_MM,ps\mm2\common\include\mm_trc.h,mm_ps_peermsgs.obj,mm_classb2.lib
MOD_MM,ps\mm2\common\include\mm_trc.h,mm_ps_routing.obj,mm_classb2.lib
MOD_MM,ps\mm2\common\include\mm_trc.h,mm_ps_service.obj,mm_classb2.lib
MOD_MM,ps\mm2\common\include\mm_trc.h,mm_ps_timer.obj,mm_classb2.lib
MOD_MM,ps\mm2\common\include\mm_trc.h,mm_ps_timer_aux.obj,mm_classb2.lib
MOD_MM,ps\mm2\common\include\mm_trc.h,mm_sim_access.obj,mm_classb2.lib
MOD_MM,ps\mm2\common\include\mm_trc.h,rr_utils.obj,rr_classb2.lib
MOD_PPP,ps\ppp\include\ppp_trc.h,ppp_buff_mgr.obj,ppp.lib
MOD_PPP,ps\ppp\include\ppp_trc.h,ppp_create.obj,ppp.lib
MOD_PPP,ps\ppp\include\ppp_trc.h,ppp_csd_ext_msg.obj,ppp.lib
MOD_PPP,ps\ppp\include\ppp_trc.h,ppp_ext_msg.obj,ppp.lib
MOD_PPP,ps\ppp\include\ppp_trc.h,ppp_fsm.obj,ppp.lib
MOD_PPP,ps\ppp\include\ppp_trc.h,ppp_ipcp.obj,ppp.lib
MOD_PPP,ps\ppp\include\ppp_trc.h,ppp_lcp.obj,ppp.lib
MOD_PPP,ps\ppp\include\ppp_trc.h,ppp_main.obj,ppp.lib
MOD_PPP,ps\ppp\include\ppp_trc.h,ppp_read_in.obj,ppp.lib
MOD_PPP,ps\ppp\include\ppp_trc.h,ppp_write_out.obj,ppp.lib
MOD_RATCM,ps\ratcm\include\ratcm_trc.h,ratcm_ctrl_cb.obj,ratcm.lib
MOD_RATCM,ps\ratcm\include\ratcm_trc.h,ratcm_loop_mode.obj,ratcm.lib
MOD_RATCM,ps\ratcm\include\ratcm_trc.h,ratcm_main.obj,ratcm.lib
MOD_RATCM,ps\ratcm\include\ratcm_trc.h,ratcm_plmn_search.obj,ratcm.lib
MOD_RATCM,ps\ratcm\include\ratcm_trc.h,ratcm_send_ilm.obj,ratcm.lib
MOD_RATCM,ps\ratcm\include\ratcm_trc.h,ratcm_signalling.obj,ratcm.lib
MOD_RATDM,ps\ratdm\include\ratdm_trc.h,ratdm_create.obj,ratdm.lib
MOD_RATDM,ps\ratdm\include\ratdm_trc.h,ratdm_extern_func.obj,ratdm.lib
MOD_RATDM,ps\ratdm\include\ratdm_trc.h,ratdm_gsm_handlers.obj,ratdm.lib
MOD_RATDM,ps\ratdm\include\ratdm_trc.h,ratdm_main.obj,ratdm.lib
MOD_RATDM,ps\ratdm\include\ratdm_trc.h,ratdm_npdu_process.obj,ratdm.lib
MOD_RATDM,ps\ratdm\include\ratdm_trc.h,ratdm_signalling.obj,ratdm.lib
MOD_RATDM,ps\ratdm\include\ratdm_trc.h,ratdm_tcm_data_plane.obj,ratdm.lib
MOD_RATDM,ps\ratdm\include\ratdm_trc.h,ratdm_utils.obj,ratdm.lib
MOD_RRM,ps\rr2\common\include\rr_trc.h,acs_common_access_proc.obj,rr_classb2.lib
MOD_RRM,ps\rr2\common\include\rr_trc.h,acs_common_ctrl_hdlr.obj,rr_classb2.lib
MOD_RRM,ps\rr2\common\include\rr_trc.h,acs_dedi_access_proc.obj,rr_classb2.lib
MOD_RRM,ps\rr2\common\include\rr_trc.h,acs_pkt_access_proc.obj,rr_classb2.lib
MOD_RRM,ps\rr2\common\include\rr_trc.h,acs_utils.obj,rr_classb2.lib
MOD_RRM,ps\rr2\common\include\rr_trc.h,csrr_ded_access.obj,rr_classb2.lib
MOD_RRM,ps\rr2\common\include\rr_trc.h,csrr_ded_proc.obj,rr_classb2.lib
MOD_RRM,ps\rr2\common\include\rr_trc.h,csrr_recv_lapdm_mesgs.obj,rr_classb2.lib
MOD_RRM,ps\rr2\common\include\rr_trc.h,csrr_recv_mm_mesgs.obj,rr_classb2.lib
MOD_RRM,ps\rr2\common\include\rr_trc.h,csrr_recv_mpal_mesgs.obj,rr_classb2.lib
MOD_RRM,ps\rr2\common\include\rr_trc.h,csrr_send_ext_msg.obj,rr_classb2.lib
MOD_RRM,ps\rr2\common\include\rr_trc.h,csrr_send_int_msg.obj,rr_classb2.lib
MOD_RRM,ps\rr2\common\include\rr_trc.h,csrr_utils.obj,rr_classb2.lib
MOD_RRM,ps\rr2\common\include\rr_trc.h,mac_alloc_mode_hdlr.obj,rr_classb2.lib
MOD_RRM,ps\rr2\common\include\rr_trc.h,mac_common_ctrl_hdlr.obj,rr_classb2.lib
MOD_RRM,ps\rr2\common\include\rr_trc.h,mac_data_blk_hdlr.obj,rr_classb2.lib
MOD_RRM,ps\rr2\common\include\rr_trc.h,mac_dl_ctrl_hdlr.obj,rr_classb2.lib
MOD_RRM,ps\rr2\common\include\rr_trc.h,mac_pa_ctrl_hdlr.obj,rr_classb2.lib
MOD_RRM,ps\rr2\common\include\rr_trc.h,mac_sendmsgs.obj,rr_classb2.lib
MOD_RRM,ps\rr2\common\include\rr_trc.h,mac_ul_ctrl_hdlr.obj,rr_classb2.lib
MOD_RRM,ps\rr2\common\include\rr_trc.h,mac_ul_dl_ctrl_hdlr.obj,rr_classb2.lib
MOD_RRM,ps\rr2\common\include\rr_trc.h,mac_utils.obj,rr_classb2.lib
MOD_RRM,ps\rr2\common\include\rr_trc.h,psi_msg_decode.obj,rr_classb2.lib
MOD_RRM,ps\rr2\common\include\rr_trc.h,rcs_cell.obj,rr_classb2.lib
MOD_RRM,ps\rr2\common\include\rr_trc.h,rcs_init.obj,rr_classb2.lib
MOD_RRM,ps\rr2\common\include\rr_trc.h,rcs_plmn.obj,rr_classb2.lib
MOD_RRM,ps\rr2\common\include\rr_trc.h,rcs_process.obj,rr_classb2.lib
MOD_RRM,ps\rr2\common\include\rr_trc.h,rlc_timer_hdlr.obj,rr_classb2.lib
MOD_RRM,ps\rr2\common\include\rr_trc.h,rmc_cb.obj,rr_classb2.lib
MOD_RRM,ps\rr2\common\include\rr_trc.h,rmc_cell_resel.obj,rr_classb2.lib
MOD_RRM,ps\rr2\common\include\rr_trc.h,rmc_common_access.obj,rr_classb2.lib
MOD_RRM,ps\rr2\common\include\rr_trc.h,rmc_dedicated_meas.obj,rr_classb2.lib
MOD_RRM,ps\rr2\common\include\rr_trc.h,rmc_dedicated_proc.obj,rr_classb2.lib
MOD_RRM,ps\rr2\common\include\rr_trc.h,rmc_gmm_procs.obj,rr_classb2.lib
MOD_RRM,ps\rr2\common\include\rr_trc.h,rmc_gprs_cell_resel.obj,rr_classb2.lib
MOD_RRM,ps\rr2\common\include\rr_trc.h,rmc_gprs_meas_funcs.obj,rr_classb2.lib
MOD_RRM,ps\rr2\common\include\rr_trc.h,rmc_gprs_nbr_cell.obj,rr_classb2.lib
MOD_RRM,ps\rr2\common\include\rr_trc.h,rmc_gprs_pkt_access.obj,rr_classb2.lib
MOD_RRM,ps\rr2\common\include\rr_trc.h,rmc_gprs_sendmsgs.obj,rr_classb2.lib
MOD_RRM,ps\rr2\common\include\rr_trc.h,rmc_gprs_si13_decode.obj,rr_classb2.lib
MOD_RRM,ps\rr2\common\include\rr_trc.h,rmc_gprs_timer_hdlr.obj,rr_classb2.lib
MOD_RRM,ps\rr2\common\include\rr_trc.h,rmc_meas.obj,rr_classb2.lib
MOD_RRM,ps\rr2\common\include\rr_trc.h,rmc_mpal_interface.obj,rr_classb2.lib
MOD_RRM,ps\rr2\common\include\rr_trc.h,rmc_mpal_nbcch_req.obj,rr_classb2.lib
MOD_RRM,ps\rr2\common\include\rr_trc.h,rmc_send_msgs.obj,rr_classb2.lib
MOD_RRM,ps\rr2\common\include\rr_trc.h,rmc_serv_nbr_meas.obj,rr_classb2.lib
MOD_RRM,ps\rr2\common\include\rr_trc.h,rmc_timer.obj,rr_classb2.lib
MOD_RRM,ps\rr2\common\include\rr_trc.h,rmc_update_rla_meas.obj,rr_classb2.lib
MOD_RRM,ps\rr2\common\include\rr_trc.h,rmpc_common_func.obj,rr_classb2.lib
MOD_RRM,ps\rr2\common\include\rr_trc.h,rmpc_gprs_branch_funcs.obj,rr_classb2.lib
MOD_RRM,ps\rr2\common\include\rr_trc.h,rmpc_nbr_cell.obj,rr_classb2.lib
MOD_RRM,ps\rr2\common\include\rr_trc.h,rr_data_ind.obj,rr_classb2.lib
MOD_RRM,ps\rr2\common\include\rr_trc.h,rr_dual_sim_process.obj,rr_classb2.lib
MOD_RRM,ps\rr2\common\include\rr_trc.h,rr_gprs_meas_decode.obj,rr_classb2.lib
MOD_RRM,ps\rr2\common\include\rr_trc.h,rr_gprs_utils.obj,rr_classb2.lib
MOD_RRM,ps\rr2\common\include\rr_trc.h,rr_utils.obj,rr_classb2.lib
MOD_RRM,ps\rr2\common\include\rr_trc.h,rrm_cell_procs.obj,rr_classb2.lib
MOD_RRM,ps\rr2\common\include\rr_trc.h,rrm_main.obj,rr_classb2.lib
MOD_RRM,ps\rr2\common\include\rr_trc.h,rrm_process.obj,rr_classb2.lib
MOD_RRM,ps\rr2\common\include\rr_trc.h,rrm_send_msgs.obj,rr_classb2.lib
MOD_RRM,ps\rr2\common\include\rr_trc.h,rrm_utils.obj,rr_classb2.lib
MOD_RRM,ps\rr2\common\include\rr_trc.h,si_class_b.obj,rr_classb2.lib
MOD_RRM,ps\rr2\common\include\rr_trc.h,si_msg_decode.obj,rr_classb2.lib
MOD_RRM,ps\rr2\common\include\rr_trc.h,si_update_funcs.obj,rr_classb2.lib
MOD_LAPDM,ps\rr2\lapdm\include\lapdm_trc.h,lapdm_frame_funcs.obj,rr_classb2.lib
MOD_LAPDM,ps\rr2\lapdm\include\lapdm_trc.h,lapdm_main.obj,rr_classb2.lib
MOD_LAPDM,ps\rr2\lapdm\include\lapdm_trc.h,lapdm_recv_mpal_msgs.obj,rr_classb2.lib
MOD_LAPDM,ps\rr2\lapdm\include\lapdm_trc.h,lapdm_recv_rr_msgs.obj,rr_classb2.lib
MOD_MAC,ps\rr2\mac\include\mac_trc.h,mac_alloc_mode_hdlr.obj,rr_classb2.lib
MOD_MAC,ps\rr2\mac\include\mac_trc.h,mac_common_ctrl_hdlr.obj,rr_classb2.lib
MOD_MAC,ps\rr2\mac\include\mac_trc.h,mac_data_blk_hdlr.obj,rr_classb2.lib
MOD_MAC,ps\rr2\mac\include\mac_trc.h,mac_dl_ctrl_hdlr.obj,rr_classb2.lib
MOD_MAC,ps\rr2\mac\include\mac_trc.h,mac_main.obj,rr_classb2.lib
MOD_MAC,ps\rr2\mac\include\mac_trc.h,mac_pa_ctrl_hdlr.obj,rr_classb2.lib
MOD_MAC,ps\rr2\mac\include\mac_trc.h,mac_sendmsgs.obj,rr_classb2.lib
MOD_MAC,ps\rr2\mac\include\mac_trc.h,mac_timer_hdlr.obj,rr_classb2.lib
MOD_MAC,ps\rr2\mac\include\mac_trc.h,mac_ul_ctrl_hdlr.obj,rr_classb2.lib
MOD_MAC,ps\rr2\mac\include\mac_trc.h,mac_ul_dl_ctrl_hdlr.obj,rr_classb2.lib
MOD_MAC,ps\rr2\mac\include\mac_trc.h,mac_utils.obj,rr_classb2.lib
MOD_MAC,ps\rr2\mac\include\mac_trc.h,mpal_gprs_dl_func.obj,rr_classb2.lib
MOD_MAC,ps\rr2\mac\include\mac_trc.h,psi_msg_decode.obj,rr_classb2.lib
MOD_MAC,ps\rr2\mac\include\mac_trc.h,rr_data_ind.obj,rr_classb2.lib
MOD_MPAL,ps\rr2\mpal\include\mpal_trace.h,mpal_gprs_dl_func.obj,rr_classb2.lib
MOD_MPAL,ps\rr2\mpal\include\mpal_trace.h,mpal_gprs_dl_msg_hdlr.obj,rr_classb2.lib
MOD_MPAL,ps\rr2\mpal\include\mpal_trace.h,mpal_gprs_ul_msg_hdlr.obj,rr_classb2.lib
MOD_MPAL,ps\rr2\mpal\include\mpal_trace.h,mpal_gsm_common_func.obj,rr_classb2.lib
MOD_MPAL,ps\rr2\mpal\include\mpal_trace.h,mpal_gsm_dl_msg_hdlr.obj,rr_classb2.lib
MOD_MPAL,ps\rr2\mpal\include\mpal_trace.h,mpal_gsm_timer_hdlr.obj,rr_classb2.lib
MOD_MPAL,ps\rr2\mpal\include\mpal_trace.h,mpal_gsm_ul_msg_hdlr.obj,rr_classb2.lib
MOD_MPAL,ps\rr2\mpal\include\mpal_trace.h,mpal_main.obj,rr_classb2.lib
MOD_REASM,ps\rr2\rlc\include\rlc_trc.h,reasm_llc_pdu_hdlr.obj,rr_classb2.lib
MOD_REASM,ps\rr2\rlc\include\rlc_trc.h,reasm_sendmsgs.obj,rr_classb2.lib
MOD_REASM,ps\rr2\rlc\include\rlc_trc.h,rlc_ctrl_msg_hdlr.obj,rr_classb2.lib
MOD_REASM,ps\rr2\rlc\include\rlc_trc.h,rlc_dl_ctrl_msg_hdlr.obj,rr_classb2.lib
MOD_REASM,ps\rr2\rlc\include\rlc_trc.h,rlc_dl_data_blk_hdlr.obj,rr_classb2.lib
MOD_REASM,ps\rr2\rlc\include\rlc_trc.h,rlc_llc_pdu_hdlr.obj,rr_classb2.lib
MOD_REASM,ps\rr2\rlc\include\rlc_trc.h,rlc_main.obj,rr_classb2.lib
MOD_REASM,ps\rr2\rlc\include\rlc_trc.h,rlc_segment.obj,rr_classb2.lib
MOD_REASM,ps\rr2\rlc\include\rlc_trc.h,rlc_sendmsgs.obj,rr_classb2.lib
MOD_REASM,ps\rr2\rlc\include\rlc_trc.h,rlc_test_mode.obj,rr_classb2.lib
MOD_REASM,ps\rr2\rlc\include\rlc_trc.h,rlc_timer_hdlr.obj,rr_classb2.lib
MOD_REASM,ps\rr2\rlc\include\rlc_trc.h,rlc_ul_data_blk_hdlr.obj,rr_classb2.lib
MOD_REASM,ps\rr2\rlc\include\rlc_trc.h,rlc_util.obj,rr_classb2.lib
MOD_RLC,ps\rr2\rlc\include\rlc_trc.h,reasm_llc_pdu_hdlr.obj,rr_classb2.lib
MOD_RLC,ps\rr2\rlc\include\rlc_trc.h,reasm_sendmsgs.obj,rr_classb2.lib
MOD_RLC,ps\rr2\rlc\include\rlc_trc.h,rlc_ctrl_msg_hdlr.obj,rr_classb2.lib
MOD_RLC,ps\rr2\rlc\include\rlc_trc.h,rlc_dl_ctrl_msg_hdlr.obj,rr_classb2.lib
MOD_RLC,ps\rr2\rlc\include\rlc_trc.h,rlc_dl_data_blk_hdlr.obj,rr_classb2.lib
MOD_RLC,ps\rr2\rlc\include\rlc_trc.h,rlc_llc_pdu_hdlr.obj,rr_classb2.lib
MOD_RLC,ps\rr2\rlc\include\rlc_trc.h,rlc_main.obj,rr_classb2.lib
MOD_RLC,ps\rr2\rlc\include\rlc_trc.h,rlc_segment.obj,rr_classb2.lib
MOD_RLC,ps\rr2\rlc\include\rlc_trc.h,rlc_sendmsgs.obj,rr_classb2.lib
MOD_RLC,ps\rr2\rlc\include\rlc_trc.h,rlc_test_mode.obj,rr_classb2.lib
MOD_RLC,ps\rr2\rlc\include\rlc_trc.h,rlc_timer_hdlr.obj,rr_classb2.lib
MOD_RLC,ps\rr2\rlc\include\rlc_trc.h,rlc_ul_data_blk_hdlr.obj,rr_classb2.lib
MOD_RLC,ps\rr2\rlc\include\rlc_trc.h,rlc_util.obj,rr_classb2.lib
MOD_SIM,ps\sim2\include\sim_trc.h,icc_sim_common_mtk.obj,sim_driver.lib
MOD_SIM,ps\sim2\include\sim_trc.h,icc_switchcontrol0.obj,sim_driver.lib
MOD_SIM,ps\sim2\include\sim_trc.h,icc_switchcontrol1.obj,sim_driver.lib
MOD_SIM,ps\sim2\include\sim_trc.h,icc_switchcontrol2.obj,sim_driver.lib
MOD_SIM,ps\sim2\include\sim_trc.h,icc_switchcontrol_mtk_0.obj,sim_driver.lib
MOD_SIM,ps\sim2\include\sim_trc.h,icc_switchcontrol_mtk_1.obj,sim_driver.lib
MOD_SIM,ps\sim2\include\sim_trc.h,mt6302_spi.obj,sim_driver.lib
MOD_SIM,ps\sim2\include\sim_trc.h,sim_driver_interfaces.obj,sim2.lib
MOD_SIM,ps\sim2\include\sim_trc.h,sim_handler.obj,sim2.lib
MOD_SIM,ps\sim2\include\sim_trc.h,sim_toolkit.obj,sim2.lib
MOD_SIM,ps\sim2\include\sim_trc.h,usim_fcp_parser.obj,sim2.lib
MOD_SIM,ps\sim2\include\sim_trc.h,usim_handler.obj,sim2.lib
MOD_SM,ps\sm\include\sm_trc.h,sm_activation.obj,sm.lib
MOD_SM,ps\sm\include\sm_trc.h,sm_common.obj,sm.lib
MOD_SM,ps\sm\include\sm_trc.h,sm_data_plane_only.obj,sm.lib
MOD_SM,ps\sm\include\sm_trc.h,sm_deactivation.obj,sm.lib
MOD_SM,ps\sm\include\sm_trc.h,sm_deinit.obj,sm.lib
MOD_SM,ps\sm\include\sm_trc.h,sm_fsm.obj,sm.lib
MOD_SM,ps\sm\include\sm_trc.h,sm_general.obj,sm.lib
MOD_SM,ps\sm\include\sm_trc.h,sm_init.obj,sm.lib
MOD_SM,ps\sm\include\sm_trc.h,sm_main.obj,sm.lib
MOD_SM,ps\sm\include\sm_trc.h,sm_modification.obj,sm.lib
MOD_SM,ps\sm\include\sm_trc.h,sm_peer.obj,sm.lib
MOD_SM,ps\sm\include\sm_trc.h,sm_protocol_error.obj,sm.lib
MOD_SM,ps\sm\include\sm_trc.h,sm_test_code.obj,sm.lib
MOD_SM,ps\sm\include\sm_trc.h,sm_timer.obj,sm.lib
MOD_SMS,ps\sms\include\sms_trc.h,sms_cm.obj,sms.lib
MOD_SMS,ps\sms\include\sms_trc.h,sms_cm_dl_funcs.obj,sms.lib
MOD_SMS,ps\sms\include\sms_trc.h,sms_cm_fsm.obj,sms.lib
MOD_SMS,ps\sms\include\sms_trc.h,sms_cm_ul_funcs.obj,sms.lib
MOD_SMS,ps\sms\include\sms_trc.h,sms_main.obj,sms.lib
MOD_SMS,ps\sms\include\sms_trc.h,sms_other_funcs.obj,sms.lib
MOD_SMS,ps\sms\include\sms_trc.h,sms_rl_dl_funcs.obj,sms.lib
MOD_SMS,ps\sms\include\sms_trc.h,sms_rl_fsm.obj,sms.lib
MOD_SMS,ps\sms\include\sms_trc.h,sms_rl_ul_funcs.obj,sms.lib
MOD_SMS,ps\sms\include\sms_trc.h,sms_timer.obj,sms.lib
MOD_SMS,ps\sms\include\sms_trc.h,sms_tl.obj,sms.lib
MOD_SMS,ps\sms\include\sms_trc.h,sms_tl_dl_funcs.obj,sms.lib
MOD_SMS,ps\sms\include\sms_trc.h,sms_tl_fsm.obj,sms.lib
MOD_SMS,ps\sms\include\sms_trc.h,sms_tl_ul_funcs.obj,sms.lib
MOD_SNDCP,ps\sndcp\include\snd_trc.h,snd_common.obj,sndcp.lib
MOD_SNDCP,ps\sndcp\include\snd_trc.h,snd_flc.obj,sndcp.lib
MOD_SNDCP,ps\sndcp\include\snd_trc.h,snd_init.obj,sndcp.lib
MOD_SNDCP,ps\sndcp\include\snd_trc.h,snd_main.obj,sndcp.lib
MOD_SNDCP,ps\sndcp\include\snd_trc.h,snd_nsapi.obj,sndcp.lib
MOD_SNDCP,ps\sndcp\include\snd_trc.h,snd_sapi.obj,sndcp.lib
MOD_SNDCP,ps\sndcp\include\snd_trc.h,snd_timer.obj,sndcp.lib
MOD_SNDCP,ps\sndcp\include\snd_trc.h,snd_xid.obj,sndcp.lib
MOD_RSVAS,rsva\rsvas\include\rsvas_trc.h,rsvas_fsm.obj,rsva.lib
MOD_CERTMAN,security\certman\include\certman_trc.h,certman_job.obj,certman.lib
MOD_CERTMAN,security\certman\include\certman_trc.h,certman_main.obj,certman.lib
MOD_CERTMAN,security\certman\include\certman_trc.h,certman_mem.obj,certman.lib
MOD_CERTMAN,security\certman\include\certman_trc.h,certman_ocsp.obj,certman.lib
MOD_CERTMAN,security\certman\include\certman_trc.h,certman_signal.obj,certman.lib
MOD_CERTMAN,security\certman\include\certman_trc.h,certman_user.obj,certman.lib
MOD_OSSL_PKIADP,security\openssl\adaptation\pki\include\ossl_pki_adp_trc.h,pki_ocsp.obj,ossl_pkiadp.lib
MOD_OSSL_PKIADP,security\openssl\adaptation\pki\include\ossl_pki_adp_trc.h,pki_pem.obj,ossl_pkiadp.lib
MOD_OSSL_PKIADP,security\openssl\adaptation\pki\include\ossl_pki_adp_trc.h,pki_x509.obj,ossl_pkiadp.lib
MOD_SSL,security\openssl\adaptation\ssl\include\ossl_ssladp_trc.h,ossl_ssl_callbacks.obj,ossl_ssladp.lib
MOD_SSL,security\openssl\adaptation\ssl\include\ossl_ssladp_trc.h,ossl_ssl_common.obj,ossl_ssladp.lib
MOD_SSL,security\openssl\adaptation\ssl\include\ossl_ssladp_trc.h,ossl_ssl_conn.obj,ossl_ssladp.lib
MOD_SSL,security\openssl\adaptation\ssl\include\ossl_ssladp_trc.h,ossl_ssl_ctx.obj,ossl_ssladp.lib
MOD_OSSL_CRYPTO,security\openssl\adaptation\system\include\ossl_crypto_trc.h,ossl_crypto_trc.obj,ossl_osadp.lib
MOD_OSSL_OSADP,security\openssl\adaptation\system\include\ossl_os_adp_trc.h,o_dir.obj,ossl_crypto.lib
MOD_OSSL_OSADP,security\openssl\adaptation\system\include\ossl_os_adp_trc.h,ossl_aes.obj,ossl_osadp.lib
MOD_OSSL_OSADP,security\openssl\adaptation\system\include\ossl_os_adp_trc.h,ossl_des.obj,ossl_osadp.lib
MOD_OSSL_OSADP,security\openssl\adaptation\system\include\ossl_os_adp_trc.h,ossl_fs.obj,ossl_osadp.lib
MOD_OSSL_OSADP,security\openssl\adaptation\system\include\ossl_os_adp_trc.h,ossl_hmac.obj,ossl_osadp.lib
MOD_OSSL_OSADP,security\openssl\adaptation\system\include\ossl_os_adp_trc.h,ossl_md4.obj,ossl_osadp.lib
MOD_OSSL_OSADP,security\openssl\adaptation\system\include\ossl_os_adp_trc.h,ossl_md5.obj,ossl_osadp.lib
MOD_OSSL_OSADP,security\openssl\adaptation\system\include\ossl_os_adp_trc.h,ossl_mutex.obj,ossl_osadp.lib
MOD_OSSL_OSADP,security\openssl\adaptation\system\include\ossl_os_adp_trc.h,ossl_rc4.obj,ossl_osadp.lib
MOD_OSSL_OSADP,security\openssl\adaptation\system\include\ossl_os_adp_trc.h,ossl_sha.obj,ossl_osadp.lib
MOD_OSSL_OSADP,security\openssl\adaptation\system\include\ossl_os_adp_trc.h,ossl_trace.obj,ossl_osadp.lib
MOD_OSSL_PKI,security\openssl\adaptation\system\include\ossl_pki_trc.h,ossl_pki_trc.obj,ossl_osadp.lib
MOD_OSSL_SSL,security\openssl\adaptation\system\include\ossl_ssl_trc.h,ossl_ssl_trc.obj,ossl_osadp.lib
MOD_SECLIB,security\seclib\include\seclib_trc.h,seclib_create.obj,seclib.lib
MOD_SECLIB,security\seclib\include\seclib_trc.h,seclib_mem.obj,seclib.lib
MOD_TLS,security\tls\include\tls_trc.h,tls_api.obj,tls.lib
MOD_TLS,security\tls\include\tls_trc.h,tls_app.obj,tls.lib
MOD_TLS,security\tls\include\tls_trc.h,tls_callbacks.obj,tls.lib
MOD_TLS,security\tls\include\tls_trc.h,tls_certman.obj,tls.lib
MOD_TLS,security\tls\include\tls_trc.h,tls_common.obj,tls.lib
MOD_TLS,security\tls\include\tls_trc.h,tls_create.obj,tls.lib
MOD_TLS,security\tls\include\tls_trc.h,tls_fs.obj,tls.lib
MOD_TLS,security\tls\include\tls_trc.h,tls_handshake.obj,tls.lib
MOD_TLS,security\tls\include\tls_trc.h,tls_init.obj,tls.lib
MOD_TLS,security\tls\include\tls_trc.h,tls_main.obj,tls.lib
MOD_TLS,security\tls\include\tls_trc.h,tls_mmi_certman.obj,tls.lib
MOD_TLS,security\tls\include\tls_trc.h,tls_socket.obj,tls.lib
MOD_TLS,security\tls\include\tls_trc.h,tls_ssl.obj,tls.lib
MOD_NIL,sst\include\ex_trc.h,ex_item.obj,sst.lib
MOD_NIL,sst\include\ex_trc.h,kal_nucleus_error_handling.obj,kal.lib
MOD_SST_COMMON,sst\include\sst_trc.h,ex_item.obj,sst.lib
MOD_SST_COMMON,sst\include\sst_trc.h,kal_nucleus_error_handling.obj,kal.lib
MOD_SST_COMMON,sst\include\sst_trc.h,sst_engine.obj,sst.lib
MOD_SST_COMMON,sst\include\sst_trc.h,sst_unwind.obj,sst.lib
MOD_SST_COMMON,sst\include\sst_trc.h,tst_assert.obj,tst.lib
MOD_SST_COMMON,sst\include\sst_trc.h,tst_mod_func.obj,tst.lib
MOD_TST,tst\local_inc\tst_trace.h,l1trc.obj,tst.lib
MOD_TST,tst\local_inc\tst_trace.h,tst_assert.obj,tst.lib
MOD_TST,tst\local_inc\tst_trace.h,tst_create.obj,tst.lib
MOD_TST,tst\local_inc\tst_trace.h,tst_hal_wrapper_layer.obj,tst.lib
MOD_TST,tst\local_inc\tst_trace.h,tst_mod_func.obj,tst.lib
MOD_TST,tst\local_inc\tst_trace.h,tst_reader_trace_utility.obj,tst.lib
MOD_TST,tst\local_inc\tst_trace.h,tst_trace.obj,tst.lib
MOD_UART1_HISR,usb\include\usb_trc.h,dcl_usb_drv.obj,usb_driver.lib
MOD_UART1_HISR,usb\include\usb_trc.h,dcl_usb_hcd.obj,usb_driver.lib
MOD_UART1_HISR,usb\include\usb_trc.h,usb.obj,usb.lib
MOD_UART1_HISR,usb\include\usb_trc.h,usb_mode.obj,usb.lib
MOD_UART1_HISR,usb\include\usb_trc.h,usb_task.obj,usb.lib
MOD_UART1_HISR,usb\include\usb_trc.h,usbacm_adap.obj,usb.lib
MOD_UART1_HISR,usb\include\usb_trc.h,usbacm_drv.obj,usb.lib
MOD_UART1_HISR,usb\include\usb_trc.h,usbacm_echo.obj,usb.lib
MOD_UART1_HISR,usb\include\usb_trc.h,usbms_adap.obj,usb.lib
MOD_UART1_HISR,usb\include\usb_trc.h,usbms_drv.obj,usb.lib
MOD_UART1_HISR,usb\include\usb_trc.h,usbms_state.obj,usb.lib
MOD_USB,usb\include\usb_trc.h,dcl_usb_drv.obj,usb_driver.lib
MOD_USB,usb\include\usb_trc.h,dcl_usb_hcd.obj,usb_driver.lib
MOD_USB,usb\include\usb_trc.h,usb.obj,usb.lib
MOD_USB,usb\include\usb_trc.h,usb_mode.obj,usb.lib
MOD_USB,usb\include\usb_trc.h,usb_task.obj,usb.lib
MOD_USB,usb\include\usb_trc.h,usbacm_adap.obj,usb.lib
MOD_USB,usb\include\usb_trc.h,usbacm_drv.obj,usb.lib
MOD_USB,usb\include\usb_trc.h,usbacm_echo.obj,usb.lib
MOD_USB,usb\include\usb_trc.h,usbms_adap.obj,usb.lib
MOD_USB,usb\include\usb_trc.h,usbms_drv.obj,usb.lib
MOD_USB,usb\include\usb_trc.h,usbms_state.obj,usb.lib
MOD_SUPC,wifi\supc\include\supc_trc.h,aes_wrap.obj,eap.lib
MOD_SUPC,wifi\supc\include\supc_trc.h,common.obj,supc.lib
MOD_SUPC,wifi\supc\include\supc_trc.h,driver_mtk.obj,supc.lib
MOD_SUPC,wifi\supc\include\supc_trc.h,eap.obj,eap.lib
MOD_SUPC,wifi\supc\include\supc_trc.h,eapol_sm.obj,eap.lib
MOD_SUPC,wifi\supc\include\supc_trc.h,l2_packet.obj,supc.lib
MOD_SUPC,wifi\supc\include\supc_trc.h,ms_funcs.obj,supc.lib
MOD_SUPC,wifi\supc\include\supc_trc.h,rc4.obj,supc.lib
MOD_SUPC,wifi\supc\include\supc_trc.h,sha1.obj,supc.lib
MOD_SUPC,wifi\supc\include\supc_trc.h,sha256.obj,supc.lib
MOD_SUPC,wifi\supc\include\supc_trc.h,supc_adpt_functions.obj,supc.lib
MOD_SUPC,wifi\supc\include\supc_trc.h,supc_create.obj,supc.lib
MOD_SUPC,wifi\supc\include\supc_trc.h,supc_init.obj,supc.lib
MOD_SUPC,wifi\supc\include\supc_trc.h,supc_main.obj,supc.lib
MOD_SUPC,wifi\supc\include\supc_trc.h,supc_wpa_common.obj,supc.lib
MOD_SUPC,wifi\supc\include\supc_trc.h,supc_wpa_functions.obj,supc.lib
MOD_SUPC,wifi\supc\include\supc_trc.h,wpa.obj,supc.lib
MOD_SUPC,wifi\supc\include\supc_trc.h,wpa_supplicant.obj,supc.lib
MOD_SUPC,wifi\supc\include\supc_trc.h,wpabuf.obj,supc.lib
MOD_SUPC,wifi\supc\include\supc_trc.h,wps_dummy.obj,eap.lib
MOD_WNDRV,wifi\wndrv\mt5931\include\wndrv_trc.h,aaa_fsm.obj,mt5931.lib
MOD_WNDRV,wifi\wndrv\mt5931\include\wndrv_trc.h,ais_fsm.obj,mt5931.lib
MOD_WNDRV,wifi\wndrv\mt5931\include\wndrv_trc.h,assoc.obj,mt5931.lib
MOD_WNDRV,wifi\wndrv\mt5931\include\wndrv_trc.h,auth.obj,mt5931.lib
MOD_WNDRV,wifi\wndrv\mt5931\include\wndrv_trc.h,bss.obj,mt5931.lib
MOD_WNDRV,wifi\wndrv\mt5931\include\wndrv_trc.h,cmd_buf.obj,mt5931.lib
MOD_WNDRV,wifi\wndrv\mt5931\include\wndrv_trc.h,cnm.obj,mt5931.lib
MOD_WNDRV,wifi\wndrv\mt5931\include\wndrv_trc.h,cnm_mem.obj,mt5931.lib
MOD_WNDRV,wifi\wndrv\mt5931\include\wndrv_trc.h,cnm_timer.obj,mt5931.lib
MOD_WNDRV,wifi\wndrv\mt5931\include\wndrv_trc.h,dump.obj,mt5931.lib
MOD_WNDRV,wifi\wndrv\mt5931\include\wndrv_trc.h,gl_hpi.obj,mt5931.lib
MOD_WNDRV,wifi\wndrv\mt5931\include\wndrv_trc.h,gl_kal.obj,mt5931.lib
MOD_WNDRV,wifi\wndrv\mt5931\include\wndrv_trc.h,gl_rftest.obj,mt5931.lib
MOD_WNDRV,wifi\wndrv\mt5931\include\wndrv_trc.h,hem_mbox.obj,mt5931.lib
MOD_WNDRV,wifi\wndrv\mt5931\include\wndrv_trc.h,hif_emu.obj,mt5931.lib
MOD_WNDRV,wifi\wndrv\mt5931\include\wndrv_trc.h,mib.obj,mt5931.lib
MOD_WNDRV,wifi\wndrv\mt5931\include\wndrv_trc.h,mt5931_firmware.obj,mt5931.lib
MOD_WNDRV,wifi\wndrv\mt5931\include\wndrv_trc.h,nic.obj,mt5931.lib
MOD_WNDRV,wifi\wndrv\mt5931\include\wndrv_trc.h,nic_cmd_event.obj,mt5931.lib
MOD_WNDRV,wifi\wndrv\mt5931\include\wndrv_trc.h,nic_pwr_mgt.obj,mt5931.lib
MOD_WNDRV,wifi\wndrv\mt5931\include\wndrv_trc.h,nic_rx.obj,mt5931.lib
MOD_WNDRV,wifi\wndrv\mt5931\include\wndrv_trc.h,nic_tx.obj,mt5931.lib
MOD_WNDRV,wifi\wndrv\mt5931\include\wndrv_trc.h,privacy.obj,mt5931.lib
MOD_WNDRV,wifi\wndrv\mt5931\include\wndrv_trc.h,que_mgt.obj,mt5931.lib
MOD_WNDRV,wifi\wndrv\mt5931\include\wndrv_trc.h,rate.obj,mt5931.lib
MOD_WNDRV,wifi\wndrv\mt5931\include\wndrv_trc.h,rlm.obj,mt5931.lib
MOD_WNDRV,wifi\wndrv\mt5931\include\wndrv_trc.h,rlm_domain.obj,mt5931.lib
MOD_WNDRV,wifi\wndrv\mt5931\include\wndrv_trc.h,rlm_obss.obj,mt5931.lib
MOD_WNDRV,wifi\wndrv\mt5931\include\wndrv_trc.h,roaming_fsm.obj,mt5931.lib
MOD_WNDRV,wifi\wndrv\mt5931\include\wndrv_trc.h,rsn.obj,mt5931.lib
MOD_WNDRV,wifi\wndrv\mt5931\include\wndrv_trc.h,saa_fsm.obj,mt5931.lib
MOD_WNDRV,wifi\wndrv\mt5931\include\wndrv_trc.h,scan.obj,mt5931.lib
MOD_WNDRV,wifi\wndrv\mt5931\include\wndrv_trc.h,scan_fsm.obj,mt5931.lib
MOD_WNDRV,wifi\wndrv\mt5931\include\wndrv_trc.h,sec_fsm.obj,mt5931.lib
MOD_WNDRV,wifi\wndrv\mt5931\include\wndrv_trc.h,sms4.obj,mt5931.lib
MOD_WNDRV,wifi\wndrv\mt5931\include\wndrv_trc.h,swcr.obj,mt5931.lib
MOD_WNDRV,wifi\wndrv\mt5931\include\wndrv_trc.h,wapi.obj,mt5931.lib
MOD_WNDRV,wifi\wndrv\mt5931\include\wndrv_trc.h,wlan_bow.obj,mt5931.lib
MOD_WNDRV,wifi\wndrv\mt5931\include\wndrv_trc.h,wlan_kal.obj,mt5931.lib
MOD_WNDRV,wifi\wndrv\mt5931\include\wndrv_trc.h,wlan_lib.obj,mt5931.lib
MOD_WNDRV,wifi\wndrv\mt5931\include\wndrv_trc.h,wlan_oid.obj,mt5931.lib
MOD_WNDRV,wifi\wndrv\mt5931\include\wndrv_trc.h,wndrv_create.obj,mt5931.lib
MOD_WNDRV,wifi\wndrv\mt5931\include\wndrv_trc.h,wndrv_inject_msg.obj,mt5931.lib
MOD_WNDRV,wifi\wndrv\mt5931\include\wndrv_trc.h,wndrv_kal.obj,wndrv.lib
MOD_WNDRV,wifi\wndrv\mt5931\include\wndrv_trc.h,wndrv_main.obj,mt5931.lib
MOD_WNDRV,wifi\wndrv\mt5931\include\wndrv_trc.h,wndrv_misc.obj,mt5931.lib
MOD_WNDRV,wifi\wndrv\mt5931\include\wndrv_trc.h,wndrv_rftest_func.obj,mt5931.lib
MOD_WNDRV,wifi\wndrv\mt5931\include\wndrv_trc.h,wndrv_supc_func.obj,mt5931.lib
MOD_BWCS,wmt\inc\wmt_trc.h,bwcs_tdd.obj,wmt.lib
MOD_BWCS,wmt\inc\wmt_trc.h,mtkstp.obj,wmt.lib
MOD_BWCS,wmt\inc\wmt_trc.h,stp_drv.obj,wmt.lib
MOD_BWCS,wmt\inc\wmt_trc.h,stp_uart.obj,wmt.lib
MOD_BWCS,wmt\inc\wmt_trc.h,wmt_hdlr.obj,wmt.lib
MOD_BWCS,wmt\inc\wmt_trc.h,wmt_hdlr_ext.obj,wmt.lib
MOD_BWCS,wmt\inc\wmt_trc.h,wmt_main.obj,wmt.lib
MOD_BWCS,wmt\inc\wmt_trc.h,wmt_pwr_hdlr.obj,wmt.lib
MOD_BWCS,wmt\inc\wmt_trc.h,wmt_uart.obj,wmt.lib
MOD_STP,wmt\inc\wmt_trc.h,bwcs_tdd.obj,wmt.lib
MOD_STP,wmt\inc\wmt_trc.h,mtkstp.obj,wmt.lib
MOD_STP,wmt\inc\wmt_trc.h,stp_drv.obj,wmt.lib
MOD_STP,wmt\inc\wmt_trc.h,stp_uart.obj,wmt.lib
MOD_STP,wmt\inc\wmt_trc.h,wmt_hdlr.obj,wmt.lib
MOD_STP,wmt\inc\wmt_trc.h,wmt_hdlr_ext.obj,wmt.lib
MOD_STP,wmt\inc\wmt_trc.h,wmt_main.obj,wmt.lib
MOD_STP,wmt\inc\wmt_trc.h,wmt_pwr_hdlr.obj,wmt.lib
MOD_STP,wmt\inc\wmt_trc.h,wmt_uart.obj,wmt.lib
MOD_WMT,wmt\inc\wmt_trc.h,bwcs_tdd.obj,wmt.lib
MOD_WMT,wmt\inc\wmt_trc.h,mtkstp.obj,wmt.lib
MOD_WMT,wmt\inc\wmt_trc.h,stp_drv.obj,wmt.lib
MOD_WMT,wmt\inc\wmt_trc.h,stp_uart.obj,wmt.lib
MOD_WMT,wmt\inc\wmt_trc.h,wmt_hdlr.obj,wmt.lib
MOD_WMT,wmt\inc\wmt_trc.h,wmt_hdlr_ext.obj,wmt.lib
MOD_WMT,wmt\inc\wmt_trc.h,wmt_main.obj,wmt.lib
MOD_WMT,wmt\inc\wmt_trc.h,wmt_pwr_hdlr.obj,wmt.lib
MOD_WMT,wmt\inc\wmt_trc.h,wmt_uart.obj,wmt.lib
